Episode,Reward
1,-172.762164
2,-181.633828
3,-200.756643
4,-186.427493
5,-216.976371
6,-224.303037
7,-225.502472
8,-205.892302
9,-207.043228
10,-211.418268
11,-196.028771
12,-188.718686
13,-224.353152
14,-201.872495
15,-199.076556
16,-224.262581
17,-219.693431
18,-232.968784
19,-204.717602
20,-241.687511
21,-232.237569
22,-238.845655
23,-223.119585
24,-224.473156
25,-237.175941
26,-222.454629
27,-244.7982
28,-242.270968
29,-236.920599
30,-252.974844
31,-250.644263
32,-230.896505
33,-248.120879
34,-258.449088
35,-235.701313
36,-231.499948
37,-248.877323
38,-247.837957
39,-259.366299
40,-250.625591
41,-247.276145
42,-257.427962
43,-251.651292
44,-254.353095
45,-259.225746
46,-263.580201
47,-263.45608
48,-251.725156
49,-259.770942
50,-249.543101
51,-262.839857
52,-221.420669
53,-247.392449
54,-252.979111
55,-241.401035
56,-246.248548
57,-160.661523
58,-245.867586
59,-227.193996
60,-198.227293
61,-157.385027
62,-161.686738
63,-168.425805
64,-163.839219
65,-172.001269
66,-169.114
67,-130.011178
68,-164.632916
69,-141.734873
70,-170.27085
71,-165.18253
72,-154.461466
73,-158.646275
74,-191.645029
75,-159.300385
76,-163.873328
77,-180.263364
78,-170.060382
79,-158.449463
80,-177.809256
81,-187.861788
82,-174.237117
83,-179.133421
84,-175.988133
85,-207.498654
86,-195.041178
87,-172.878394
88,-183.700808
89,-169.73665
90,-164.887618
91,-185.325308
92,-181.388866
93,-194.724132
94,-186.449213
95,-171.836462
96,-196.329278
97,-182.572683
98,-187.805656
99,-190.444769
100,-198.386032
101,-203.088547
102,-195.499324
103,-199.393632
104,-185.09083
105,-189.889278
106,-191.6874
107,-188.86743
108,-195.521463
109,-195.023795
110,-189.00713
111,-185.984119
112,-194.848803
113,-185.566783
114,-184.260703
115,-177.558562
116,-187.370931
117,-200.402955
118,-183.300599
119,-189.234884
120,-180.427901
121,-201.057638
122,-188.859391
123,-179.530042
124,-193.408993
125,-181.760746
126,-183.772275
127,-189.991814
128,-193.637298
129,-182.787488
130,-186.326533
131,-187.11412
132,-178.966154
133,-185.595932
134,-183.771468
135,-176.229247
136,-189.333167
137,-172.281898
138,-178.995155
139,-189.580676
140,-182.630477
141,-194.950815
142,-183.271272
143,-194.148903
144,-186.765305
145,-178.414915
146,-184.885542
147,-194.528076
148,-196.342121
149,-180.779569
150,-185.897781
151,-194.015146
152,-183.812962
153,-193.28254
154,-189.486312
155,-179.030819
156,-176.507315
157,-184.221245
158,-182.922246
159,-180.849196
160,-188.093975
161,-182.328376
162,-174.425684
163,-190.57083
164,-172.507647
165,-170.293027
166,-184.922623
167,-179.5042
168,-185.685514
169,-180.974729
170,-183.68703
171,-161.460886
172,-191.193061
173,-156.015811
174,-158.511674
175,-183.569925
176,-185.468209
177,-165.829955
178,-172.948271
179,-168.937905
180,-166.266159
181,-179.019451
182,-185.563687
183,-169.821716
184,-152.75866
185,-179.283062
186,-165.351826
187,-162.596462
188,-150.621851
189,-186.11501
190,-170.754674
191,-174.087644
192,-171.218646
193,-173.872977
194,-184.251207
195,-172.573634
196,-152.226757
197,-180.500143
198,-170.142245
199,-190.855423
200,-171.612622
201,-193.806701
202,-167.733029
203,-186.667286
204,-184.842823
205,-190.87347
206,-202.346908
207,-199.317979
208,-199.346128
209,-199.170953
210,-202.051989
211,-209.041091
212,-205.552895
213,-166.605196
214,-207.37352
215,-202.166545
216,-203.262138
217,-166.664909
218,-192.587384
219,-201.248173
220,-201.781038
221,-201.226429
222,-207.875131
223,-201.864915
224,-219.342975
225,-202.155475
226,-205.538343
227,-207.057776
228,-173.428614
229,-210.441162
230,-219.186395
231,-165.04111
232,-182.33436
233,-168.902472
234,-195.039963
235,-177.373341
236,-190.882364
237,-159.523914
238,-186.921479
239,-153.92647
240,-213.797395
241,-179.258626
242,-190.400553
243,-156.310519
244,-161.199643
245,-202.157891
246,-175.227437
247,-166.984426
248,-184.406349
249,-200.054587
250,-169.424578
251,-159.670039
252,-162.962939
253,-179.925366
254,-153.902869
255,-164.768787
256,-171.417686
257,-200.53513
258,-178.718374
259,-187.985682
260,-166.816528
261,-186.426367
262,-178.741715
263,-175.306143
264,-198.50021
265,-199.898518
266,-161.169384
267,-174.178781
268,-179.136842
269,-184.086807
270,-167.735158
271,-191.983456
272,-180.195506
273,-197.987908
274,-193.336941
275,-202.223893
276,-194.450965
277,-190.414154
278,-179.175876
279,-188.331157
280,-157.483976
281,-196.793026
282,-169.939857
283,-185.555335
284,-174.580754
285,-189.382201
286,-199.314181
287,-193.577176
288,-178.918772
289,-190.91342
290,-193.70971
291,-187.516601
292,-170.645141
293,-195.081701
294,-164.976147
295,-188.687963
296,-187.410527
297,-179.259806
298,-200.285218
299,-182.479579
300,-173.268112
301,-195.650743
302,-183.770402
303,-182.456707
304,-176.708251
305,-193.38197
306,-197.561425
307,-179.395161
308,-204.88767
309,-182.862054
310,-189.006863
311,-202.911191
312,-186.530059
313,-181.891893
314,-173.748256
315,-180.655574
316,-185.079249
317,-208.161591
318,-202.938015
319,-185.648621
320,-179.887536
321,-192.475636
322,-187.50043
323,-178.275871
324,-202.318818
325,-183.639842
326,-205.498669
327,-201.724737
328,-201.735118
329,-199.470728
330,-196.539704
331,-180.236564
332,-172.909846
333,-207.307966
334,-186.649338
335,-189.081295
336,-202.479386
337,-189.631559
338,-189.331186
339,-195.704167
340,-198.435566
341,-177.886049
342,-198.177221
343,-184.460585
344,-198.097279
345,-179.798949
346,-199.260411
347,-177.633776
348,-194.177249
349,-188.596124
350,-186.254839
351,-199.141383
352,-168.4834
353,-173.198252
354,-176.505349
355,-182.480702
356,-195.818984
357,-203.387888
358,-177.847207
359,-174.072717
360,-202.667466
361,-167.497423
362,-199.160029
363,-159.169834
364,-183.754736
365,-190.974959
366,-181.568567
367,-203.048121
368,-174.074619
369,-222.458
370,-197.990801
371,-201.027538
372,-168.423991
373,-206.209025
374,-202.537417
375,-201.423989
376,-210.28826
377,-201.829236
378,-193.424874
379,-190.839775
380,-191.793336
381,-193.210293
382,-201.760574
383,-200.29549
384,-199.828331
385,-201.987295
386,-189.477748
387,-189.067433
388,-190.667081
389,-193.263512
390,-208.140972
391,-198.053801
392,-210.602803
393,-204.696073
394,-178.8611
395,-205.283743
396,-173.214616
397,-188.631336
398,-188.962158
399,-190.673779
400,-199.070227
401,-202.571286
402,-201.365372
403,-191.548817
404,-207.181058
405,-190.046735
406,-195.722865
407,-190.481904
408,-195.244904
409,-202.667652
410,-192.707017
411,-198.30008
412,-209.068795
413,-188.062342
414,-191.778819
415,-197.990564
416,-208.872627
417,-199.368364
418,-200.445472
419,-212.136519
420,-194.416696
421,-187.918216
422,-198.713957
423,-190.095176
424,-193.369511
425,-200.058147
426,-207.96707
427,-202.498171
428,-184.648734
429,-199.788374
430,-179.516971
431,-204.367528
432,-212.187733
433,-203.979719
434,-202.87091
435,-191.191445
436,-204.922613
437,-200.493672
438,-204.134132
439,-196.463086
440,-210.735187
441,-181.554425
442,-195.488821
443,-188.748119
444,-198.89427
445,-191.975381
446,-184.156738
447,-189.179517
448,-193.2649
449,-194.95169
450,-186.704205
451,-182.146236
452,-184.386643
453,-182.892547
454,-186.461329
455,-186.569069
456,-188.873964
457,-183.537603
458,-178.987823
459,-179.976391
460,-157.391191
461,-172.245959
462,-168.835574
463,-169.254189
464,-178.921762
465,-155.900997
466,-168.093342
467,-171.140014
468,-183.975841
469,-161.062372
470,-155.408589
471,-163.093752
472,-168.167037
473,-158.541935
474,-173.958837
475,-171.3137
476,-159.504556
477,-177.302269
478,-165.006939
479,-157.217062
480,-155.040864
481,-163.1788
482,-167.634363
483,-162.169806
484,-169.3395
485,-146.612451
486,-150.714534
487,-161.785639
488,-166.297772
489,-150.313825
490,-149.77495
491,-148.299717
492,-162.84226
493,-228.706243
494,-151.499299
495,-149.040332
496,-159.967429
497,-143.664018
498,-164.425471
499,-153.272473
500,-138.980337
501,-160.857776
502,-149.232148
503,-138.533572
504,-230.353914
505,-142.9634
506,-139.652657
507,-152.089917
508,-134.369209
509,-145.609502
510,-167.213854
511,-225.640279
512,-135.651268
513,-211.711725
514,-165.451941
515,-160.442612
516,-218.669437
517,-223.366657
518,-204.272571
519,-137.683742
520,-157.270715
521,-232.195822
522,-195.402794
523,-218.692813
524,-147.440877
525,-235.830665
526,-166.046093
527,-183.779138
528,-228.389045
529,-187.007816
530,-166.654648
531,-150.965331
532,-191.12921
533,-174.151948
534,-178.826422
535,-157.393745
536,-160.902169
537,-176.393024
538,-174.765018
539,-154.622569
540,-156.443664
541,-175.809476
542,-151.091896
543,-176.799737
544,-189.766026
545,-177.201117
546,-131.300397
547,-176.606208
548,-167.003111
549,-179.770356
550,-169.549026
551,-162.622851
552,-164.706212
553,-168.260783
554,-174.968313
555,-187.273233
556,-173.320098
557,-173.355209
558,-180.371483
559,-164.8242
560,-163.282814
561,-187.287011
562,-192.352204
563,-176.10366
564,-183.023345
565,-206.249789
566,-182.042835
567,-225.188805
568,-218.918401
569,-217.279056
570,-226.775477
571,-232.641013
572,-242.099833
573,-235.260648
574,-227.396619
575,-230.893072
576,-232.461163
577,-251.624093
578,-188.545365
579,-240.631316
580,-135.055496
581,-111.458279
582,-147.416165
583,-141.422681
584,-132.867062
585,-124.955233
586,-142.433499
587,-159.780851
588,-131.470783
589,-142.866195
590,-146.570067
591,-126.628589
592,-153.520469
593,-135.625635
594,-141.134494
595,-137.290801
596,-138.962857
597,-134.236328
598,-147.715627
599,-144.943045
600,-128.413011
601,-140.073938
602,-115.59642
603,-145.299671
604,-123.360585
605,-134.97396
606,-152.609629
607,-149.881306
608,-140.748372
609,-180.575252
610,-151.759402
611,-131.273462
612,-166.807667
613,-136.262825
614,-131.397606
615,-152.711673
616,-160.050299
617,-151.046628
618,-165.271042
619,-154.771013
620,-152.367954
621,-156.090279
622,-146.813282
623,-160.968385
624,-154.095317
625,-168.484443
626,-153.368608
627,-149.838491
628,-156.979039
629,-175.099609
630,-184.066609
631,-179.679115
632,-182.705566
633,-174.159266
634,-183.19683
635,-220.553622
636,-196.246399
637,-158.758914
638,-161.735877
639,-167.006887
640,-148.001579
641,-178.288831
642,-171.158271
643,-229.783893
644,-177.791621
645,-190.526492
646,-160.980053
647,-224.37337
648,-235.3931
649,-227.351825
650,-232.588026
651,-237.582202
652,-190.094169
653,-171.551942
654,-251.547096
655,-231.590383
656,-232.932491
657,-231.294743
658,-259.875302
659,-197.267653
660,-214.067226
661,-241.227761
662,-240.355048
663,-253.493714
664,-216.905064
665,-174.620166
666,-173.065187
667,-216.358898
668,-237.401851
669,-235.386074
670,-261.555277
671,-230.38901
672,-240.245478
673,-242.90045
674,-227.820976
675,-253.546219
676,-237.91867
677,-233.520532
678,-238.085181
679,-241.778806
680,-226.266865
681,-217.666077
682,-233.364202
683,-237.927757
684,-252.682121
685,-235.03693
686,-225.912239
687,-245.971058
688,-235.51211
689,-251.263257
690,-211.932285
691,-244.984858
692,-226.054878
693,-227.24239
694,-237.922922
695,-231.611956
696,-235.432353
697,-244.178534
698,-232.208109
699,-231.815707
700,-222.109082
701,-229.387311
702,-223.458709
703,-254.21
704,-201.237582
705,-240.12257
706,-227.152689
707,-232.899926
708,-229.290186
709,-237.496782
710,-214.534704
711,-238.222086
712,-213.121894
713,-238.479472
714,-228.419119
715,-218.917204
716,-224.49812
717,-229.164938
718,-222.969508
719,-246.742472
720,-230.217458
721,-209.413098
722,-212.040033
723,-217.157023
724,-228.750102
725,-229.101427
726,-203.610312
727,-217.69761
728,-221.072387
729,-188.245204
730,-183.085434
731,-170.441889
732,-223.535452
733,-231.068315
734,-224.469139
735,-189.788869
736,-180.100788
737,-235.417746
738,-176.149248
739,-220.373632
740,-198.896054
741,-163.845175
742,-209.167136
743,-207.140848
744,-234.514182
745,-207.557402
746,-188.525047
747,-193.248445
748,-212.780236
749,-190.592285
750,-198.900475
751,-191.92994
752,-209.438414
753,-211.921562
754,-223.401241
755,-216.928247
756,-209.602558
757,-232.056375
758,-205.391057
759,-193.396051
760,-248.072777
761,-219.671303
762,-222.372008
763,-230.066377
764,-220.844035
765,-234.071322
766,-215.362941
767,-229.182415
768,-242.023578
769,-233.707282
770,-219.724579
771,-244.98465
772,-209.564888
773,-206.313559
774,-222.636692
775,-226.11725
776,-234.798678
777,-222.324477
778,-210.14815
779,-234.559554
780,-241.517022
781,-225.620222
782,-211.174685
783,-196.59993
784,-193.456704
785,-233.429102
786,-202.054085
787,-187.543341
788,-216.414096
789,-242.924704
790,-208.234768
791,-201.005567
792,-181.16312
793,-219.219458
794,-233.065588
795,-195.104152
796,-191.656357
797,-178.661895
798,-194.211637
799,-220.516695
800,-250.288003
801,-188.091301
802,-218.13384
803,-234.513052
804,-216.349122
805,-207.10075
806,-236.057775
807,-254.005996
808,-226.722146
809,-186.356212
810,-205.761734
811,-205.33726
812,-228.951412
813,-231.723422
814,-176.258973
815,-231.191871
816,-236.176114
817,-253.33775
818,-158.055521
819,-248.526607
820,-248.682909
821,-237.913392
822,-187.790556
823,-206.401554
824,-236.468006
825,-231.989898
826,-228.090823
827,-227.601113
828,-252.342821
829,-223.772402
830,-226.944138
831,-182.342789
832,-218.00988
833,-183.080353
834,-180.610838
835,-182.438261
836,-201.373576
837,-208.602393
838,-208.587172
839,-208.226631
840,-150.489926
841,-192.285257
842,-166.434949
843,-202.491076
844,-176.791482
845,-163.605458
846,-169.415538
847,-224.856133
848,-187.978692
849,-201.691545
850,-202.631358
851,-218.941134
852,-202.443144
853,-223.1398
854,-225.169249
855,-207.763141
856,-212.298402
857,-236.437808
858,-215.793143
859,-234.673987
860,-203.262835
861,-209.592597
862,-189.134895
863,-235.029667
864,-189.848623
865,-226.33473
866,-215.191179
867,-172.271085
868,-239.955962
869,-227.579525
870,-233.228102
871,-228.345292
872,-233.066118
873,-175.62395
874,-203.188885
875,-231.831104
876,-192.22355
877,-221.570179
878,-236.378431
879,-225.819847
880,-231.970918
881,-216.017584
882,-237.068525
883,-226.143467
884,-236.285567
885,-213.273178
886,-225.996118
887,-202.439083
888,-222.465992
889,-235.527605
890,-226.608753
891,-229.806455
892,-224.794051
893,-228.866446
894,-210.02829
895,-227.473416
896,-235.417658
897,-225.433562
898,-242.664636
899,-232.579125
900,-227.520758
901,-224.116424
902,-227.05576
903,-225.354042
904,-249.159876
905,-176.14993
906,-237.841995
907,-245.494209
908,-217.083748
909,-227.353414
910,-240.501134
911,-234.960371
912,-218.683351
913,-214.459012
914,-230.092954
915,-202.470042
916,-218.159698
917,-248.996826
918,-218.417248
919,-240.638249
920,-249.372105
921,-232.544344
922,-210.270474
923,-219.349268
924,-220.440853
925,-245.786651
926,-230.428474
927,-236.208336
928,-230.385613
929,-246.918845
930,-227.251098
931,-231.973618
932,-245.385332
933,-219.836116
934,-220.712184
935,-219.644713
936,-223.29544
937,-221.871039
938,-227.003318
939,-236.115939
940,-244.375093
941,-222.37668
942,-236.7598
943,-227.924891
944,-223.223609
945,-228.381658
946,-236.3527
947,-224.910298
948,-244.661739
949,-232.256486
950,-229.642205
951,-223.536203
952,-227.716583
953,-233.630122
954,-227.789414
955,-198.041534
956,-222.869327
957,-203.615195
958,-234.371943
959,-201.699565
960,-232.944626
961,-202.919914
962,-227.847768
963,-183.956352
964,-185.21232
965,-193.711599
966,-206.826034
967,-185.010606
968,-184.585687
969,-199.030491
970,-183.899504
971,-190.598181
972,-200.286782
973,-198.633978
974,-229.632541
975,-209.210237
976,-203.963956
977,-191.984088
978,-220.747598
979,-225.272643
980,-206.7615
981,-191.789112
982,-210.553301
983,-234.739413
984,-222.08599
985,-237.887563
986,-206.243911
987,-220.438051
988,-207.649514
989,-217.477078
990,-217.857137
991,-230.695922
992,-229.955558
993,-203.305087
994,-233.771077
995,-238.715259
996,-231.047416
997,-223.991408
998,-211.253382
999,-248.740156
1000,-205.432626
1001,-234.461435
1002,-200.586311
1003,-161.056339
1004,-218.878527
1005,-172.476126
1006,-160.937464
1007,-207.002149
1008,-216.442127
1009,-183.592268
1010,-203.188459
1011,-192.723042
1012,-219.739211
1013,-182.003259
1014,-196.251518
1015,-208.414234
1016,-250.080323
1017,-196.61477
1018,-238.544866
1019,-246.329124
1020,-210.980357
1021,-235.629336
1022,-233.476459
1023,-211.184066
1024,-232.626159
1025,-233.333353
1026,-254.047904
1027,-230.342682
1028,-248.08977
1029,-239.730971
1030,-228.800882
1031,-218.835904
1032,-234.673667
1033,-217.808585
1034,-252.545823
1035,-210.474165
1036,-230.834882
1037,-226.941865
1038,-238.709189
1039,-242.407424
1040,-210.656137
1041,-188.238208
1042,-241.46974
1043,-230.528496
1044,-186.904526
1045,-180.277653
1046,-152.111436
1047,-205.62285
1048,-178.190224
1049,-169.032463
1050,-175.492075
1051,-181.80867
1052,-214.418949
1053,-173.571122
1054,-185.312006
1055,-185.425486
1056,-205.596347
1057,-191.655854
1058,-157.894701
1059,-192.53433
1060,-204.93557
1061,-236.513047
1062,-209.21367
1063,-240.227315
1064,-248.612681
1065,-191.347896
1066,-218.798209
1067,-206.281978
1068,-214.225471
1069,-192.172303
1070,-244.180287
1071,-242.730686
1072,-233.933445
1073,-237.70823
1074,-235.361606
1075,-256.514967
1076,-233.434042
1077,-236.197765
1078,-245.208048
1079,-254.544638
1080,-239.963993
1081,-220.264739
1082,-251.561283
1083,-241.713083
1084,-252.141138
1085,-228.949766
1086,-244.671272
1087,-186.030449
1088,-224.20049
1089,-230.564193
1090,-232.735411
1091,-215.845296
1092,-231.498617
1093,-231.889648
1094,-227.133679
1095,-186.874191
1096,-234.909341
1097,-228.081827
1098,-217.129611
1099,-206.499583
1100,-199.037177
1101,-212.848779
1102,-229.280677
1103,-174.475968
1104,-204.849479
1105,-209.729114
1106,-176.602217
1107,-174.533975
1108,-213.24525
1109,-226.389786
1110,-219.72266
1111,-230.477755
1112,-170.897569
1113,-145.629235
1114,-197.060811
1115,-175.557853
1116,-211.997801
1117,-193.767564
1118,-168.032658
1119,-200.209527
1120,-200.431901
1121,-199.001196
1122,-167.723243
1123,-227.26433
1124,-189.831313
1125,-205.410385
1126,-238.520739
1127,-213.774954
1128,-188.190639
1129,-181.452069
1130,-204.563447
1131,-235.113166
1132,-191.661871
1133,-227.801389
1134,-204.169406
1135,-179.061067
1136,-176.331293
1137,-214.796136
1138,-229.090901
1139,-232.351028
1140,-215.564883
1141,-180.387405
1142,-165.248573
1143,-211.00436
1144,-171.139985
1145,-210.673383
1146,-212.618661
1147,-215.190619
1148,-231.671742
1149,-212.21254
1150,-218.016859
1151,-200.725523
1152,-204.147171
1153,-220.126691
1154,-184.048846
1155,-183.411632
1156,-207.488331
1157,-142.552415
1158,-199.877045
1159,-143.436115
1160,-201.378881
1161,-186.054739
1162,-117.767054
1163,-202.846718
1164,-207.470387
1165,-182.668071
1166,-179.64339
1167,-198.770581
1168,-186.416516
1169,-206.093768
1170,-184.834317
1171,-177.421572
1172,-208.089685
1173,-179.437581
1174,-168.306646
1175,-218.122119
1176,-169.656147
1177,-184.581859
1178,-196.493545
1179,-184.88064
1180,-230.319963
1181,-166.954814
1182,-207.483678
1183,-215.911285
1184,-221.470467
1185,-182.907351
1186,-207.025817
1187,-184.86761
1188,-216.050433
1189,-220.888427
1190,-168.720578
1191,-219.319598
1192,-215.364239
1193,-218.896114
1194,-204.061252
1195,-221.612803
1196,-220.301905
1197,-214.713252
1198,-193.838
1199,-225.919004
1200,-210.001061
1201,-221.637412
1202,-238.594732
1203,-204.337822
1204,-213.503682
1205,-217.53616
1206,-200.755673
1207,-211.517302
1208,-221.182226
1209,-198.213621
1210,-204.248034
1211,-173.147079
1212,-167.143335
1213,-206.513671
1214,-234.147408
1215,-200.325161
1216,-174.37565
1217,-131.115163
1218,-177.594857
1219,-176.311636
1220,-130.040787
1221,-214.419329
1222,-217.584003
1223,-210.142142
1224,-200.48083
1225,-204.953641
1226,-217.977418
1227,-232.790809
1228,-193.310054
1229,-231.718966
1230,-219.113477
1231,-205.921772
1232,-210.357507
1233,-217.16789
1234,-215.208166
1235,-230.309094
1236,-232.26558
1237,-223.165373
1238,-238.662465
1239,-224.041638
1240,-219.271182
1241,-228.766052
1242,-218.836255
1243,-234.763607
1244,-209.667354
1245,-214.880985
1246,-220.766438
1247,-212.906222
1248,-225.338906
1249,-235.675594
1250,-222.475571
1251,-206.754883
1252,-202.824344
1253,-222.614219
1254,-207.55522
1255,-218.517491
1256,-234.020384
1257,-230.890817
1258,-203.305596
1259,-204.685115
1260,-197.606475
1261,-194.111398
1262,-227.412683
1263,-229.216291
1264,-105.140913
1265,-177.63558
1266,-203.807626
1267,-207.278536
1268,-201.329652
1269,-208.274297
1270,-230.038796
1271,-188.13264
1272,-216.583812
1273,-216.876322
1274,-212.241242
1275,-218.490129
1276,-201.700933
1277,-204.804852
1278,-204.258612
1279,-227.26513
1280,-215.440158
1281,-221.239509
1282,-234.778376
1283,-215.196762
1284,-232.57486
1285,-218.586805
1286,-249.782719
1287,-242.192282
1288,-244.775745
1289,-234.048301
1290,-229.152744
1291,-231.679648
1292,-234.894738
1293,-238.798595
1294,-235.034084
1295,-235.414589
1296,-243.921999
1297,-242.075145
1298,-219.601644
1299,-230.95302
1300,-241.977996
1301,-240.397811
1302,-247.924788
1303,-145.338335
1304,-192.546333
1305,-219.970772
1306,-227.028177
1307,-208.051724
1308,-214.876627
1309,-221.388096
1310,-197.000448
1311,-217.439118
1312,-197.958074
1313,-209.617417
1314,-235.728118
1315,-230.358639
1316,-219.066933
1317,-220.642913
1318,-220.977932
1319,-210.466624
1320,-197.979819
1321,-233.183172
1322,-224.460326
1323,-209.721215
1324,-229.903096
1325,-228.999699
1326,-223.510742
1327,-231.193908
1328,-233.579972
1329,-231.284042
1330,-223.169271
1331,-214.200401
1332,-228.686973
1333,-236.678918
1334,-234.721034
1335,-230.622186
1336,-239.819488
1337,-228.730542
1338,-234.231192
1339,-228.431661
1340,-236.06842
1341,-221.150337
1342,-229.389584
1343,-218.770075
1344,-215.302235
1345,-234.136622
1346,-213.761593
1347,-212.010216
1348,-239.36068
1349,-219.419382
1350,-221.120592
1351,-227.946896
1352,-155.069186
1353,-226.421834
1354,-224.951703
1355,-214.816742
1356,-213.357172
1357,-207.521823
1358,-219.822234
1359,-206.868439
1360,-214.059199
1361,-209.548934
1362,-243.310962
1363,-223.216177
1364,-145.329423
1365,-195.844348
1366,-224.320479
1367,-236.19307
1368,-205.879062
1369,-204.207237
1370,-217.510617
1371,-241.95485
1372,-233.422242
1373,-223.845881
1374,-224.970771
1375,-225.622845
1376,-245.557447
1377,-236.02729
1378,-218.590551
1379,-226.285726
1380,-244.576792
1381,-231.225006
1382,-244.16623
1383,-227.227208
1384,-227.813283
1385,-217.964777
1386,-216.084751
1387,-224.411025
1388,-149.834538
1389,-235.822659
1390,-239.613638
1391,-188.680869
1392,-226.004899
1393,-187.673293
1394,-223.398268
1395,-175.935683
1396,-224.638266
1397,-215.369107
1398,-215.101111
1399,-164.148204
1400,-162.386733
1401,-216.037222
1402,-214.515812
1403,-185.128001
1404,-214.009462
1405,-215.602257
1406,-222.066292
1407,-210.358799
1408,-231.530642
1409,-228.165345
1410,-208.149395
1411,-209.20369
1412,-217.535925
1413,-116.63251
1414,-221.53737
1415,-181.109501
1416,-227.614493
1417,-195.890581
1418,-234.046806
1419,-238.361637
1420,-204.589448
1421,-149.380595
1422,-151.274942
1423,-151.097695
1424,-210.53483
1425,-185.556899
1426,-169.890969
1427,-201.953119
1428,-162.728841
1429,-204.663584
1430,-201.728473
1431,-159.246941
1432,-122.068212
1433,-131.906209
1434,-184.541002
1435,-134.397528
1436,-121.120832
1437,-136.925366
1438,-153.326698
1439,-184.991988
1440,-193.810324
1441,-210.892575
1442,-115.078737
1443,-216.572507
1444,-137.367885
1445,-171.237919
1446,-140.597985
1447,-128.995495
1448,-137.998848
1449,-202.526228
1450,-154.238447
1451,-190.512641
1452,-117.216303
1453,-120.354529
1454,-197.41747
1455,-189.334697
1456,-193.655407
1457,-169.126567
1458,-214.29613
1459,-197.735104
1460,-170.920097
1461,-169.736423
1462,-177.118744
1463,-169.931702
1464,-169.246449
1465,-169.738613
1466,-177.056251
1467,-171.858665
1468,-210.975622
1469,-186.448365
1470,-151.642373
1471,-148.266548
1472,-174.535381
1473,-138.012693
1474,-147.548075
1475,-148.951893
1476,-143.352518
1477,-150.988942
1478,-158.409285
1479,-152.497464
1480,-161.29081
1481,-137.121446
1482,-151.55259
1483,-158.949248
1484,-149.849583
1485,-172.201773
1486,-127.918856
1487,-152.308923
1488,-163.736454
1489,-165.752887
1490,-145.88266
1491,-159.487554
1492,-150.479623
1493,-153.895577
1494,-153.867598
1495,-146.728384
1496,-152.79867
1497,-147.944813
1498,-163.345018
1499,-154.615779
1500,-152.422515
1501,-162.223242
1502,-152.918716
1503,-172.507828
1504,-144.911071
1505,-150.470819
1506,-154.738642
1507,-174.716345
1508,-162.784143
1509,-166.587293
1510,-173.994977
1511,-151.718001
1512,-142.213589
1513,-175.295558
1514,-190.556726
1515,-185.370203
1516,-167.059053
1517,-170.348094
1518,-177.492573
1519,-172.655799
1520,-202.228981
1521,-190.09029
1522,-175.965787
1523,-189.565319
1524,-181.463411
1525,-190.889348
1526,-199.231154
1527,-203.041648
1528,-202.416229
1529,-173.400279
1530,-182.789439
1531,-178.35366
1532,-199.242347
1533,-195.83961
1534,-160.845228
1535,-194.944221
1536,-171.242493
1537,-174.333278
1538,-192.121266
1539,-203.143761
1540,-174.984034
1541,-199.088614
1542,-175.982005
1543,-203.506962
1544,-192.448023
1545,-200.228784
1546,-184.879839
1547,-184.052054
1548,-207.691664
1549,-166.799792
1550,-183.635295
1551,-192.014421
1552,-188.525998
1553,-195.970978
1554,-178.221023
1555,-194.25092
1556,-188.381224
1557,-175.03187
1558,-171.579784
1559,-179.765784
1560,-181.59676
1561,-182.255056
1562,-187.041714
1563,-180.251339
1564,-177.495111
1565,-175.639973
1566,-183.881822
1567,-182.763613
1568,-175.932489
1569,-179.461824
1570,-177.868494
1571,-169.535536
1572,-186.861551
1573,-180.824194
1574,-181.383776
1575,-171.909346
1576,-191.561654
1577,-177.739752
1578,-185.993795
1579,-169.004573
1580,-191.6266
1581,-188.286341
1582,-192.438988
1583,-182.694445
1584,-181.576524
1585,-183.157988
1586,-165.548352
1587,-175.827516
1588,-169.899468
1589,-166.260871
1590,-181.905258
1591,-183.026143
1592,-163.071474
1593,-188.889065
1594,-202.935081
1595,-171.772519
1596,-192.937262
1597,-200.171219
1598,-185.760957
1599,-176.425077
1600,-192.39676
1601,-171.560238
1602,-199.637264
1603,-178.680087
1604,-189.814049
1605,-165.854086
1606,-167.074806
1607,-183.054032
1608,-194.019595
1609,-175.927737
1610,-171.778395
1611,-176.842545
1612,-186.852869
1613,-165.901182
1614,-171.955804
1615,-169.93111
1616,-174.384669
1617,-178.554024
1618,-183.079645
1619,-165.185671
1620,-177.230335
1621,-167.487025
1622,-174.210097
1623,-183.372949
1624,-194.868861
1625,-173.411809
1626,-188.415333
1627,-167.948864
1628,-212.179969
1629,-198.053861
1630,-161.784555
1631,-210.31844
1632,-209.58241
1633,-205.222182
1634,-185.122952
1635,-208.747226
1636,-199.477831
1637,-220.52081
1638,-199.029409
1639,-204.836952
1640,-227.661292
1641,-224.561236
1642,-211.89472
1643,-228.294886
1644,-206.389711
1645,-201.716571
1646,-210.697071
1647,-212.419618
1648,-231.129187
1649,-200.086666
1650,-217.910467
1651,-212.793776
1652,-220.464372
1653,-185.258566
1654,-198.866889
1655,-197.872151
1656,-180.924812
1657,-185.919811
1658,-190.272542
1659,-193.481704
1660,-203.355334
1661,-175.99672
1662,-196.430472
1663,-184.835433
1664,-183.087556
1665,-159.285843
1666,-192.864964
1667,-192.220758
1668,-194.78267
1669,-209.267762
1670,-175.5887
1671,-163.76766
1672,-190.87005
1673,-164.719876
1674,-195.603249
1675,-201.526106
1676,-179.158038
1677,-178.490239
1678,-206.485097
1679,-185.278983
1680,-206.066451
1681,-182.58614
1682,-178.478042
1683,-211.11068
1684,-182.269789
1685,-181.707896
1686,-176.803593
1687,-193.898531
1688,-193.16941
1689,-155.211208
1690,-184.082569
1691,-183.290551
1692,-187.723916
1693,-203.498248
1694,-172.329259
1695,-205.575502
1696,-181.630766
1697,-176.463134
1698,-197.661794
1699,-188.865512
1700,-167.418801
1701,-164.380167
1702,-180.086009
1703,-192.616402
1704,-157.116657
1705,-163.904099
1706,-197.902631
1707,-199.537182
1708,-185.677282
1709,-184.540117
1710,-175.880395
1711,-187.361403
1712,-143.733162
1713,-185.01577
1714,-175.14641
1715,-194.456335
1716,-175.214959
1717,-166.293506
1718,-175.930307
1719,-178.061846
1720,-178.16089
1721,-169.901306
1722,-192.635898
1723,-173.794692
1724,-164.42471
1725,-182.736962
1726,-184.524777
1727,-183.943523
1728,-199.733975
1729,-163.41921
1730,-191.755571
1731,-176.518454
1732,-174.90827
1733,-183.232244
1734,-165.392023
1735,-166.660819
1736,-155.220047
1737,-172.456757
1738,-174.203002
1739,-148.343766
1740,-158.957256
1741,-177.226477
1742,-157.969997
1743,-156.86005
1744,-190.140078
1745,-194.122674
1746,-144.328368
1747,-172.282139
1748,-147.301323
1749,-172.00704
1750,-137.325465
1751,-160.535736
1752,-159.443136
1753,-162.805669
1754,-171.787175
1755,-185.674642
1756,-202.333874
1757,-176.850704
1758,-173.623729
1759,-155.952537
1760,-188.824038
1761,-168.531717
1762,-166.164933
1763,-194.861076
1764,-197.29823
1765,-176.681046
1766,-173.022337
1767,-168.937588
1768,-199.248298
1769,-182.058668
1770,-177.900817
1771,-193.006909
1772,-190.645557
1773,-187.912437
1774,-217.775496
1775,-188.533999
1776,-166.6608
1777,-187.321748
1778,-190.445683
1779,-187.44747
1780,-175.752635
1781,-195.90747
1782,-183.704161
1783,-216.137474
1784,-186.787064
1785,-209.957082
1786,-188.093704
1787,-195.734385
1788,-214.441188
1789,-198.660718
1790,-188.334396
1791,-177.811786
1792,-195.599507
1793,-203.720197
1794,-194.1866
1795,-207.673879
1796,-214.470722
1797,-174.45963
1798,-204.726165
1799,-187.500379
1800,-166.92156
1801,-167.538551
1802,-200.804883
1803,-185.780789
1804,-179.459686
1805,-204.317011
1806,-187.765273
1807,-170.667711
1808,-172.403682
1809,-198.656409
1810,-193.201733
1811,-178.337439
1812,-207.159771
1813,-190.889868
1814,-203.277999
1815,-204.797909
1816,-194.385857
1817,-181.026408
1818,-194.036664
1819,-193.417598
1820,-175.947635
1821,-205.799209
1822,-178.150857
1823,-187.323242
1824,-178.91126
1825,-219.003813
1826,-190.865267
1827,-177.824914
1828,-192.939912
1829,-187.381547
1830,-178.27109
1831,-213.06423
1832,-192.459884
1833,-209.410152
1834,-207.767809
1835,-187.979811
1836,-199.753637
1837,-181.825389
1838,-182.086414
1839,-202.944733
1840,-179.289188
1841,-184.428732
1842,-209.924469
1843,-199.994707
1844,-218.2659
1845,-205.464772
1846,-210.237375
1847,-198.954328
1848,-223.716788
1849,-222.379883
1850,-203.857997
1851,-212.563147
1852,-207.810479
1853,-223.449389
1854,-198.717471
1855,-210.064576
1856,-196.093554
1857,-206.862953
1858,-208.912215
1859,-219.036081
1860,-205.067443
1861,-183.533531
1862,-220.212221
1863,-200.996086
1864,-199.654803
1865,-198.673481
1866,-203.36474
1867,-182.9941
1868,-193.007532
1869,-183.066497
1870,-173.155497
1871,-189.527449
1872,-198.606782
1873,-142.640161
1874,-181.251879
1875,-174.748478
1876,-167.34425
1877,-154.796667
1878,-185.370872
1879,-175.177466
1880,-180.841273
1881,-181.400058
1882,-198.982137
1883,-186.882289
1884,-197.451476
1885,-152.870193
1886,-185.008805
1887,-207.633346
1888,-206.420639
1889,-193.242463
1890,-199.567797
1891,-195.11331
1892,-164.881909
1893,-169.338711
1894,-169.413515
1895,-172.523087
1896,-215.556925
1897,-208.247345
1898,-199.104312
1899,-147.446177
1900,-209.995864
1901,-190.967653
1902,-200.815184
1903,-199.127992
1904,-195.272376
1905,-180.227578
1906,-183.605418
1907,-191.809735
1908,-214.598333
1909,-180.396781
1910,-147.071524
1911,-185.150548
1912,-150.069867
1913,-130.697052
1914,-184.641057
1915,-165.199266
1916,-164.329287
1917,-205.08564
1918,-165.06139
1919,-166.055788
1920,-179.527352
1921,-200.923672
1922,-193.721962
1923,-186.39242
1924,-184.074716
1925,-181.252947
1926,-183.468619
1927,-148.302809
1928,-138.646909
1929,-181.017471
1930,-179.150486
1931,-143.931751
1932,-153.518793
1933,-106.794051
1934,-151.457036
1935,-101.892264
1936,-129.510197
1937,-83.165224
1938,-94.089574
1939,-141.694949
1940,-69.763933
1941,-113.673265
1942,-97.667828
1943,-79.586346
1944,-82.805118
1945,-90.850599
1946,-134.843716
1947,-112.359114
1948,-117.979973
1949,-93.936043
1950,-100.031116
1951,-93.443013
1952,-163.261802
1953,-131.49516
1954,-131.137314
1955,-113.42147
1956,-110.502008
1957,-46.749293
1958,-118.206809
1959,-149.311143
1960,-138.149816
1961,-108.806255
1962,-112.98588
1963,-99.551011
1964,-160.007324
1965,-104.416368
1966,-33.518917
1967,-133.065246
1968,-142.199426
1969,-128.773818
1970,-107.27844
1971,-148.936313
1972,-93.517216
1973,-103.48515
1974,-94.310287
1975,-92.978883
1976,-136.508342
1977,-98.897027
1978,-131.896648
1979,-110.202673
1980,-89.585289
1981,-84.296078
1982,-95.728457
1983,-95.740201
1984,-115.23861
1985,-113.494426
1986,-100.405298
1987,-94.521299
1988,-113.430634
1989,-93.394643
1990,-110.129539
1991,-106.49388
1992,-118.515222
1993,-98.293894
1994,-124.960442
1995,-117.577259
1996,-112.709199
1997,-105.744836
1998,-120.642909
1999,-99.135584
2000,-112.235595
2001,-112.108997
2002,-98.426944
2003,-127.05919
2004,-105.855756
2005,-109.193351
2006,-118.765171
2007,-106.084064
2008,-97.273095
2009,-105.657146
2010,-102.147332
2011,-108.022736
2012,-127.018979
2013,-127.997338
2014,-138.02476
2015,-110.652712
2016,-113.791382
2017,-105.193072
2018,-101.916681
2019,-111.893532
2020,-100.337119
2021,-89.795281
2022,-130.641623
2023,-104.346285
2024,-121.620563
2025,-108.826339
2026,-99.902958
2027,-109.582941
2028,-104.850787
2029,-108.249909
2030,-110.188066
2031,-94.44917
2032,-105.156163
2033,-94.864015
2034,-92.247167
2035,-108.978961
2036,-97.781681
2037,-99.016354
2038,-101.91833
2039,-104.11175
2040,-100.201884
2041,-111.643637
2042,-87.790625
2043,-99.768355
2044,-114.297086
2045,-106.757763
2046,-93.956749
2047,-109.589872
2048,-103.663781
2049,-122.495556
2050,-90.411246
2051,-118.029161
2052,-128.111472
2053,-119.115037
2054,-125.527042
2055,-118.762225
2056,-125.896484
2057,-113.797709
2058,-116.560692
2059,-95.446314
2060,-106.428514
2061,-110.432971
2062,-112.702866
2063,-119.17036
2064,-111.948381
2065,-125.627482
2066,-124.777201
2067,-109.885637
2068,-120.038722
2069,-125.116294
2070,-108.009884
2071,-101.226377
2072,-116.884792
2073,-121.75856
2074,-121.21689
2075,-120.193032
2076,-118.503974
2077,-119.263136
2078,-108.608118
2079,-94.649075
2080,-112.953215
2081,-121.548531
2082,-92.403099
2083,-102.381163
2084,-115.76487
2085,-93.968163
2086,-108.925346
2087,-105.666793
2088,-103.741837
2089,-109.986737
2090,-110.409521
2091,-108.875132
2092,-93.733376
2093,-87.307779
2094,-112.571054
2095,-93.850484
2096,-97.070255
2097,-92.316508
2098,-95.284571
2099,-112.829069
2100,-90.355615
2101,-90.631872
2102,-100.564536
2103,-91.815831
2104,-98.536498
2105,-115.363223
2106,-110.138128
2107,-114.859839
2108,-102.400439
2109,-104.499644
2110,-110.302068
2111,-104.962948
2112,-114.439157
2113,-107.403802
2114,-102.368512
2115,-120.539686
2116,-107.948898
2117,-112.467653
2118,-122.627495
2119,-91.36351
2120,-97.852906
2121,-127.951287
2122,-120.933047
2123,-109.36804
2124,-119.560163
2125,-112.599466
2126,-144.151261
2127,-94.256031
2128,-120.252978
2129,-110.629516
2130,-114.975163
2131,-119.942864
2132,-105.281595
2133,-103.273433
2134,-108.033458
2135,-96.146164
2136,-120.137744
2137,-120.311777
2138,-114.425252
2139,-119.731319
2140,-112.775196
2141,-103.341859
2142,-109.017353
2143,-94.633922
2144,-120.900593
2145,-109.737265
2146,-129.276262
2147,-142.037309
2148,-101.433873
2149,-131.133072
2150,-136.798283
2151,-91.243109
2152,-146.2283
2153,-147.715566
2154,-122.411459
2155,-156.055254
2156,-110.193679
2157,-181.905252
2158,-148.05391
2159,-140.239329
2160,-140.881849
2161,-147.093092
2162,-127.616205
2163,-148.450524
2164,-118.159001
2165,-113.386474
2166,-125.192413
2167,-124.409816
2168,-124.861023
2169,-124.95811
2170,-119.68962
2171,-116.238309
2172,-122.258975
2173,-120.398187
2174,-112.42608
2175,-124.595788
2176,-117.093223
2177,-123.792971
2178,-117.099292
2179,-117.470028
2180,-85.976838
2181,-121.886812
2182,-124.495153
2183,-125.087214
2184,-121.618817
2185,-130.657456
2186,-129.629785
2187,-124.744434
2188,-122.592523
2189,-126.565661
2190,-115.437343
2191,-130.040952
2192,-111.91142
2193,-111.108995
2194,-100.21284
2195,-125.899183
2196,-111.882375
2197,-118.927114
2198,-116.81289
2199,-114.469278
2200,-124.256605
2201,-112.969351
2202,-121.604494
2203,-124.449581
2204,-109.791013
2205,-109.037094
2206,-119.99838
2207,-86.12965
2208,-126.022787
2209,-84.059496
2210,-110.911208
2211,-127.670527
2212,-111.039234
2213,-112.799879
2214,-116.524068
2215,-120.821729
2216,-116.274041
2217,-123.901616
2218,-125.439212
2219,-125.438923
2220,-119.692988
2221,-115.455562
2222,-119.973001
2223,-120.021084
2224,-115.635785
2225,-124.162356
2226,-110.180147
2227,-114.892848
2228,-125.952577
2229,-81.118304
2230,-122.328813
2231,-124.013998
2232,-126.707766
2233,-90.770727
2234,-125.28699
2235,-118.39183
2236,-121.97198
2237,-114.041845
2238,-121.066444
2239,-117.360608
2240,-114.632983
2241,-113.821834
2242,-116.115307
2243,-126.130982
2244,-118.41651
2245,-112.538302
2246,-125.830503
2247,-112.566037
2248,-128.942224
2249,-129.841838
2250,-121.453339
2251,-123.592413
2252,-121.35767
2253,-120.267955
2254,-117.147538
2255,-107.012212
2256,-129.96973
2257,-126.274943
2258,-124.541262
2259,-107.795144
2260,-127.901913
2261,-115.691404
2262,-128.251128
2263,-123.448278
2264,-113.577381
2265,-124.936723
2266,-110.281956
2267,-116.586504
2268,-160.139932
2269,-143.123384
2270,-134.046179
2271,-140.415525
2272,-113.253391
2273,-113.723662
2274,-147.364809
2275,-164.917323
2276,-184.42571
2277,-152.600801
2278,-168.56635
2279,-162.451702
2280,-171.998602
2281,-170.992485
2282,-147.319751
2283,-168.348705
2284,-122.14875
2285,-176.996739
2286,-182.363404
2287,-173.75972
2288,-131.178101
2289,-206.149188
2290,-166.830112
2291,-155.666229
2292,-170.475597
2293,-184.560526
2294,-185.970453
2295,-183.933114
2296,-187.869595
2297,-167.722329
2298,-198.365587
2299,-156.34155
2300,-189.873897
2301,-146.188232
2302,-176.772576
2303,-172.09799
2304,-171.133621
2305,-175.862514
2306,-170.653513
2307,-167.058931
2308,-193.921707
2309,-161.808365
2310,-179.677434
2311,-149.811801
2312,-202.111273
2313,-136.77516
2314,-157.386824
2315,-167.681321
2316,-139.378274
2317,-162.805186
2318,-134.323521
2319,-151.883104
2320,-170.742906
2321,-141.847389
2322,-159.059895
2323,-133.594111
2324,-186.208512
2325,-138.938819
2326,-154.124656
2327,-145.975587
2328,-115.574818
2329,-147.026437
2330,-136.659356
2331,-158.670359
2332,-130.128134
2333,-128.163942
2334,-140.927513
2335,-143.488192
2336,-135.006469
2337,-149.354985
2338,-146.879835
2339,-140.910497
2340,-118.549522
2341,-172.789383
2342,-133.871065
2343,-130.092658
2344,-161.593469
2345,-133.96205
2346,-144.902099
2347,-128.661018
2348,-182.322523
2349,-153.118321
2350,-180.447332
2351,-150.579134
2352,-164.134023
2353,-157.705807
2354,-161.677585
2355,-178.788503
2356,-131.413277
2357,-170.742199
2358,-162.436074
2359,-153.37452
2360,-139.11065
2361,-137.507532
2362,-181.834477
2363,-138.150663
2364,-177.860207
2365,-108.244161
2366,-131.318924
2367,-172.175596
2368,-155.977385
2369,-172.247129
2370,-136.377801
2371,-166.341706
2372,-143.185987
2373,-175.138407
2374,-159.748683
2375,-133.391714
2376,-159.45822
2377,-150.241741
2378,-141.807276
2379,-180.232922
2380,-162.827749
2381,-155.035502
2382,-128.689633
2383,-143.635153
2384,-143.460442
2385,-120.410482
2386,-136.884242
2387,-140.375313
2388,-162.902563
2389,-129.85604
2390,-163.079829
2391,-171.117048
2392,-121.683371
2393,-121.516858
2394,-137.329384
2395,-136.419889
2396,-165.742643
2397,-118.482871
2398,-126.762025
2399,-131.765375
2400,-164.675317
2401,-138.648924
2402,-145.047746
2403,-154.469355
2404,-148.06421
2405,-146.464303
2406,-150.220553
2407,-160.925197
2408,-166.983075
2409,-138.866644
2410,-128.099007
2411,-154.565485
2412,-140.109553
2413,-179.729318
2414,-163.046056
2415,-158.113079
2416,-182.708695
2417,-153.136223
2418,-186.840709
2419,-180.591039
2420,-179.863357
2421,-177.090577
2422,-168.08087
2423,-164.824994
2424,-183.346161
2425,-179.401192
2426,-167.162498
2427,-145.094641
2428,-157.145501
2429,-158.416113
2430,-158.622234
2431,-136.329334
2432,-151.532497
2433,-139.364798
2434,-161.336741
2435,-141.686736
2436,-127.278605
2437,-132.030867
2438,-142.96817
2439,-140.032526
2440,-141.138092
2441,-139.123662
2442,-127.951999
2443,-134.181263
2444,-141.976084
2445,-122.961278
2446,-120.885334
2447,-142.917129
2448,-111.506752
2449,-113.716999
2450,-129.509161
2451,-137.981584
2452,-122.960956
2453,-119.849215
2454,-120.893778
2455,-119.984028
2456,-119.932535
2457,-131.038777
2458,-97.839715
2459,-105.452146
2460,-120.81785
2461,-127.370227
2462,-135.944297
2463,-138.097671
2464,-138.592759
2465,-167.939747
2466,-160.409753
2467,-144.595639
2468,-142.81043
2469,-155.617145
2470,-170.624068
2471,-163.024139
2472,-163.238567
2473,-144.973425
2474,-151.470421
2475,-161.851942
2476,-179.906722
2477,-161.164499
2478,-166.353541
2479,-144.250528
2480,-163.32029
2481,-157.286443
2482,-164.980863
2483,-165.933738
2484,-175.928544
2485,-163.312065
2486,-175.527241
2487,-167.652916
2488,-164.074109
2489,-167.186076
2490,-172.47482
2491,-180.780725
2492,-169.393279
2493,-159.21829
2494,-188.462554
2495,-169.607552
2496,-177.129688
2497,-183.572128
2498,-178.369488
2499,-176.033348
2500,-180.307441
2501,-170.85859
2502,-161.531109
2503,-178.554154
2504,-167.017632
2505,-149.904819
2506,-168.585238
2507,-145.489735
2508,-160.199026
2509,-142.070282
2510,-171.879293
2511,-174.297418
2512,-172.36287
2513,-139.467049
2514,-150.072542
2515,-161.243428
2516,-160.536968
2517,-140.405465
2518,-156.952582
2519,-143.366225
2520,-151.482707
2521,-174.148732
2522,-166.74011
2523,-160.700323
2524,-153.00521
2525,-160.352913
2526,-179.789301
2527,-169.529822
2528,-176.483943
2529,-151.235905
2530,-174.125357
2531,-163.369669
2532,-170.716971
2533,-138.204428
2534,-153.777583
2535,-143.961899
2536,-132.077793
2537,-144.834143
2538,-151.1351
2539,-142.228119
2540,-159.536467
2541,-137.803719
2542,-157.817489
2543,-145.003298
2544,-141.099066
2545,-172.716266
2546,-150.133266
2547,-157.343578
2548,-153.649977
2549,-162.37583
2550,-148.664591
2551,-143.628193
2552,-180.126282
2553,-160.196586
2554,-171.543016
2555,-158.196682
2556,-181.451051
2557,-144.343985
2558,-150.338562
2559,-163.152823
2560,-153.731935
2561,-167.259969
2562,-176.572226
2563,-153.847065
2564,-145.043392
2565,-158.654265
2566,-166.920131
2567,-151.880069
2568,-143.293189
2569,-150.000337
2570,-170.471503
2571,-174.524106
2572,-177.985301
2573,-157.224604
2574,-176.375716
2575,-158.910907
2576,-172.636356
2577,-161.990051
2578,-177.690958
2579,-161.459318
2580,-165.677998
2581,-159.179509
2582,-173.729328
2583,-147.035913
2584,-154.184847
2585,-158.96382
2586,-164.986344
2587,-175.989617
2588,-184.624694
2589,-164.728348
2590,-178.185133
2591,-186.765665
2592,-180.524969
2593,-155.571484
2594,-177.938787
2595,-188.015181
2596,-185.58315
2597,-166.580584
2598,-170.980652
2599,-180.555836
2600,-169.701095
2601,-166.119423
2602,-193.842524
2603,-174.566401
2604,-169.947439
2605,-158.589974
2606,-154.51623
2607,-161.145907
2608,-171.558568
2609,-171.464922
2610,-157.98375
2611,-151.178882
2612,-165.392098
2613,-144.720505
2614,-149.164778
2615,-148.865834
2616,-159.949968
2617,-168.056803
2618,-152.153711
2619,-159.236891
2620,-149.714449
2621,-146.267871
2622,-157.412156
2623,-140.61151
2624,-162.621113
2625,-142.934199
2626,-136.386291
2627,-131.895513
2628,-147.759273
2629,-152.143731
2630,-132.116074
2631,-159.969548
2632,-141.317719
2633,-145.036638
2634,-156.337614
2635,-138.163598
2636,-152.543667
2637,-154.992258
2638,-139.110521
2639,-137.180477
2640,-158.356386
2641,-145.781911
2642,-139.707699
2643,-146.864842
2644,-164.086059
2645,-166.064191
2646,-163.745916
2647,-151.351434
2648,-160.756771
2649,-140.670808
2650,-159.602536
2651,-135.751634
2652,-136.491461
2653,-161.292484
2654,-143.390999
2655,-136.815798
2656,-144.035434
2657,-137.877823
2658,-128.42504
2659,-120.585204
2660,-127.302733
2661,-140.784775
2662,-154.284018
2663,-135.0185
2664,-135.34785
2665,-139.530613
2666,-114.150038
2667,-138.383765
2668,-146.140783
2669,-128.005144
2670,-124.682756
2671,-155.445633
2672,-129.716717
2673,-129.400934
2674,-141.895991
2675,-131.206251
2676,-138.370103
2677,-122.743902
2678,-141.441215
2679,-131.801194
2680,-150.849724
2681,-157.133554
2682,-145.052131
2683,-152.314044
2684,-152.997507
2685,-121.911797
2686,-142.653842
2687,-133.985115
2688,-138.718296
2689,-127.613601
2690,-152.068458
2691,-149.218273
2692,-154.558971
2693,-147.868241
2694,-142.09235
2695,-128.687932
2696,-149.283152
2697,-145.823782
2698,-153.185183
2699,-178.136891
2700,-159.152775
2701,-155.135231
2702,-182.923413
2703,-182.413315
2704,-169.09311
2705,-167.770977
2706,-174.040824
2707,-141.658906
2708,-158.489312
2709,-162.500472
2710,-169.530982
2711,-162.681988
2712,-170.32767
2713,-156.960347
2714,-159.682363
2715,-170.366836
2716,-152.769362
2717,-141.701117
2718,-145.280712
2719,-127.811772
2720,-126.818714
2721,-144.422937
2722,-133.16874
2723,-140.549341
2724,-118.19035
2725,-126.629249
2726,-127.011179
2727,-108.419213
2728,-137.62421
2729,-134.443518
2730,-126.090977
2731,-130.64974
2732,-147.342183
2733,-140.990977
2734,-150.233931
2735,-139.114726
2736,-152.925407
2737,-112.216745
2738,-123.657614
2739,-139.143146
2740,-148.78924
2741,-119.782604
2742,-132.56992
2743,-128.178993
2744,-130.375461
2745,-116.705835
2746,-113.526847
2747,-126.812843
2748,-139.803487
2749,-142.035597
2750,-116.319919
2751,-118.16579
2752,-144.527851
2753,-136.812109
2754,-116.074086
2755,-117.546788
2756,-112.591302
2757,-114.871566
2758,-130.243178
2759,-104.872496
2760,-125.43465
2761,-127.931043
2762,-137.09516
2763,-136.767034
2764,-160.351306
2765,-130.409691
2766,-143.81347
2767,-142.622442
2768,-135.456686
2769,-138.724671
2770,-157.097303
2771,-158.806846
2772,-135.037533
2773,-120.512814
2774,-132.862273
2775,-131.050591
2776,-143.925575
2777,-124.398403
2778,-125.342021
2779,-122.792334
2780,-129.767342
2781,-116.889918
2782,-129.501875
2783,-135.487695
2784,-109.840246
2785,-120.121143
2786,-127.355395
2787,-137.43881
2788,-131.709965
2789,-130.0452
2790,-144.651449
2791,-136.521025
2792,-126.31708
2793,-128.84527
2794,-152.149886
2795,-140.320594
2796,-119.837195
2797,-156.857077
2798,-117.615451
2799,-105.980525
2800,-151.306656
2801,-134.731368
2802,-130.558451
2803,-135.985074
2804,-128.774311
2805,-131.888506
2806,-128.545877
2807,-128.720169
2808,-139.237669
2809,-130.590741
2810,-149.602004
2811,-155.555778
2812,-144.565782
2813,-164.602653
2814,-146.491136
2815,-114.522582
2816,-154.573648
2817,-148.912419
2818,-155.641066
2819,-148.279674
2820,-143.720384
2821,-142.818163
2822,-134.75433
2823,-150.502307
2824,-135.396117
2825,-152.18452
2826,-160.363023
2827,-148.677749
2828,-136.523478
2829,-156.809013
2830,-116.954593
2831,-125.08054
2832,-140.09568
2833,-145.923938
2834,-126.472932
2835,-132.054422
2836,-130.794937
2837,-132.222956
2838,-117.268146
2839,-141.883647
2840,-128.23649
2841,-124.708161
2842,-135.618925
2843,-125.504747
2844,-134.268493
2845,-134.156336
2846,-145.984949
2847,-121.679561
2848,-127.836266
2849,-132.635971
2850,-143.617404
2851,-163.340089
2852,-160.026278
2853,-141.919779
2854,-152.646956
2855,-145.971775
2856,-123.927805
2857,-148.601625
2858,-116.522791
2859,-138.45276
2860,-143.923363
2861,-146.14923
2862,-132.350073
2863,-134.705305
2864,-153.071061
2865,-143.777947
2866,-149.209489
2867,-161.752411
2868,-158.533971
2869,-126.384567
2870,-135.801478
2871,-127.302754
2872,-147.541094
2873,-146.273193
2874,-135.832045
2875,-114.648559
2876,-119.687766
2877,-154.480897
2878,-134.600727
2879,-138.7169
2880,-136.688221
2881,-131.125405
2882,-137.515525
2883,-157.03389
2884,-140.419374
2885,-148.461633
2886,-129.308072
2887,-142.205328
2888,-145.271148
2889,-175.487391
2890,-133.446244
2891,-149.310855
2892,-147.877009
2893,-156.736042
2894,-143.986461
2895,-136.89525
2896,-153.173054
2897,-156.077748
2898,-142.442752
2899,-152.431162
2900,-183.266971
2901,-153.168157
2902,-150.97263
2903,-146.049016
2904,-163.394117
2905,-183.367961
2906,-168.119079
2907,-131.266158
2908,-141.255282
2909,-143.04014
2910,-149.073921
2911,-151.343716
2912,-154.855735
2913,-151.286681
2914,-133.401179
2915,-148.195608
2916,-159.66858
2917,-150.040466
2918,-140.815663
2919,-147.203082
2920,-145.310782
2921,-144.743417
2922,-158.444678
2923,-161.038055
2924,-174.562935
2925,-140.880263
2926,-138.789261
2927,-164.506823
2928,-168.240597
2929,-157.283116
2930,-169.258217
2931,-167.819627
2932,-150.800808
2933,-158.927121
2934,-172.900192
2935,-194.768719
2936,-161.117712
2937,-166.313511
2938,-138.769918
2939,-184.34936
2940,-163.367257
2941,-173.045847
2942,-184.045819
2943,-178.109916
2944,-161.427804
2945,-164.666777
2946,-168.525876
2947,-172.353013
2948,-152.976664
2949,-164.134634
2950,-156.02084
2951,-173.173412
2952,-171.284975
2953,-177.753817
2954,-166.01814
2955,-199.251701
2956,-188.019479
2957,-152.817669
2958,-198.973231
2959,-192.049104
2960,-167.129419
2961,-154.827805
2962,-166.572639
2963,-209.206617
2964,-175.134096
2965,-199.962859
2966,-196.674494
2967,-186.838843
2968,-182.107357
2969,-183.277853
2970,-169.965949
2971,-181.439449
2972,-195.326846
2973,-187.294896
2974,-178.192512
2975,-181.15079
2976,-184.246123
2977,-188.364934
2978,-200.985809
2979,-192.293516
2980,-183.960014
2981,-194.08311
2982,-188.00594
2983,-190.944783
2984,-206.671499
2985,-191.475151
2986,-202.360955
2987,-191.805388
2988,-194.968445
2989,-206.659516
2990,-198.621625
2991,-193.002186
2992,-202.729056
2993,-191.673581
2994,-195.769081
2995,-211.671804
2996,-192.6683
2997,-201.595846
2998,-212.923129
2999,-202.485627
3000,-209.730805
3001,-186.499465
3002,-187.667519
3003,-205.283706
3004,-208.389543
3005,-178.342839
3006,-183.177889
3007,-205.148138
3008,-200.549425
3009,-189.644065
3010,-192.817852
3011,-186.739317
3012,-187.690523
3013,-186.331505
3014,-191.180473
3015,-193.840094
3016,-185.074605
3017,-212.464444
3018,-204.573007
3019,-197.995083
3020,-203.322005
3021,-199.638762
3022,-177.827157
3023,-195.85558
3024,-211.753109
3025,-184.424352
3026,-183.607933
3027,-210.153626
3028,-210.445968
3029,-197.498686
3030,-191.858579
3031,-183.539026
3032,-187.285992
3033,-184.063461
3034,-193.508425
3035,-189.010888
3036,-207.189418
3037,-196.023232
3038,-201.329937
3039,-190.394839
3040,-212.883767
3041,-212.02065
3042,-198.653463
3043,-187.971735
3044,-209.764977
3045,-185.077018
3046,-214.365402
3047,-181.44368
3048,-181.550206
3049,-177.17098
3050,-199.798104
3051,-180.019022
3052,-190.726063
3053,-201.710729
3054,-204.114202
3055,-188.451008
3056,-196.124812
3057,-185.169081
3058,-182.182257
3059,-181.792835
3060,-203.926011
3061,-211.821566
3062,-194.982179
3063,-205.759475
3064,-185.526566
3065,-183.501953
3066,-197.806034
3067,-127.223696
3068,-200.644982
3069,-204.204272
3070,-176.012933
3071,-206.116967
3072,-198.526433
3073,-115.725705
3074,-110.478903
3075,-179.007142
3076,-163.232782
3077,-113.993553
3078,-168.700388
3079,-115.485502
3080,-120.628375
3081,-176.176774
3082,-121.929153
3083,-167.413882
3084,-160.595327
3085,-106.855096
3086,-160.575528
3087,-114.678671
3088,-159.259752
3089,-91.934507
3090,-100.831237
3091,-118.539093
3092,-107.605831
3093,-114.159366
3094,-139.917697
3095,-134.177829
3096,-114.671811
3097,-106.548086
3098,-110.625685
3099,-100.756033
3100,-135.057729
3101,-122.524838
3102,-110.399485
3103,-120.776481
3104,-121.897141
3105,-94.901601
3106,-104.788304
3107,-108.053064
3108,-99.642848
3109,-107.776216
3110,-93.412593
3111,-102.615953
3112,-97.47791
3113,-104.395755
3114,-103.813333
3115,-107.831269
3116,-107.407002
3117,-99.741502
3118,-98.486273
3119,-103.540414
3120,-97.971999
3121,-102.701765
3122,-101.425084
3123,-100.775785
3124,-103.703597
3125,-93.158908
3126,-109.328356
3127,-107.13698
3128,-106.483213
3129,-93.112226
3130,-102.746225
3131,-107.142061
3132,-109.258689
3133,-87.223244
3134,-97.269073
3135,-98.735412
3136,-97.501378
3137,-100.970582
3138,-94.133836
3139,-108.561066
3140,-108.313594
3141,-107.797879
3142,-98.544992
3143,-101.606877
3144,-106.325576
3145,-98.581496
3146,-110.502585
3147,-108.528278
3148,-103.479951
3149,-102.053424
3150,-112.761335
3151,-116.653351
3152,-100.507276
3153,-112.219789
3154,-93.68456
3155,-93.247132
3156,-97.190969
3157,-88.805308
3158,-98.440057
3159,-97.91956
3160,-101.956968
3161,-98.308496
3162,-86.412069
3163,-96.629696
3164,-100.973637
3165,-102.156308
3166,-104.169523
3167,-105.875359
3168,-100.195959
3169,-91.975177
3170,-105.521698
3171,-100.559639
3172,-102.784321
3173,-103.568478
3174,-99.873739
3175,-90.268719
3176,-101.900409
3177,-101.570485
3178,-102.140731
3179,-102.307158
3180,-105.525173
3181,-97.250565
3182,-93.074382
3183,-96.962358
3184,-103.944421
3185,-94.155141
3186,-94.60593
3187,-94.343664
3188,-99.980987
3189,-92.083393
3190,-99.684904
3191,-96.83629
3192,-105.646334
3193,-96.968692
3194,-99.244446
3195,-95.624329
3196,-99.252352
3197,-88.809866
3198,-91.733573
3199,-90.854979
3200,-94.713626
3201,-94.739976
3202,-99.422485
3203,-89.408531
3204,-93.114672
3205,-86.64902
3206,-78.441462
3207,-72.520566
3208,-95.767961
3209,-94.219713
3210,-93.629257
3211,-77.073777
3212,-84.58393
3213,-92.601565
3214,-88.667188
3215,-89.521895
3216,-86.413645
3217,-69.455323
3218,-81.498557
3219,-77.984162
3220,-90.477105
3221,-87.015523
3222,-80.604558
3223,-86.758445
3224,-88.372557
3225,-76.539175
3226,-73.508018
3227,-93.347114
3228,-88.850249
3229,-89.705733
3230,-93.382344
3231,-91.294161
3232,-86.148928
3233,-68.230121
3234,-76.6463
3235,-77.592258
3236,-76.432076
3237,-81.436604
3238,-79.19045
3239,-83.762291
3240,-89.175803
3241,-89.950473
3242,-88.433959
3243,-91.908836
3244,-90.007405
3245,-89.967002
3246,-87.679622
3247,-76.893798
3248,-75.773166
3249,-90.875101
3250,-85.948404
3251,-96.022432
3252,-90.350186
3253,-87.05653
3254,-74.614529
3255,-90.238402
3256,-89.827782
3257,-67.961879
3258,-79.124066
3259,-85.429783
3260,-82.854052
3261,-70.113743
3262,-84.930281
3263,-72.436219
3264,-93.472694
3265,-85.575593
3266,-79.109675
3267,-74.842231
3268,-86.544792
3269,-99.631075
3270,-88.239151
3271,-87.853699
3272,-95.569697
3273,-95.130154
3274,-76.829549
3275,-93.696556
3276,-94.512297
3277,-98.577791
3278,-98.698488
3279,-92.26667
3280,-75.904514
3281,-76.811728
3282,-79.42035
3283,-82.847799
3284,-85.336237
3285,-91.841188
3286,-76.964429
3287,-86.749486
3288,-81.563168
3289,-86.311773
3290,-78.498225
3291,-80.68751
3292,-94.412397
3293,-89.573328
3294,-74.185376
3295,-79.960101
3296,-94.957074
3297,-87.297798
3298,-99.282631
3299,-69.585509
3300,-89.420566
3301,-85.919921
3302,-87.930467
3303,-66.281447
3304,-87.577461
3305,-92.120238
3306,-71.820738
3307,-100.271501
3308,-89.853087
3309,-99.157195
3310,-92.513534
3311,-95.672071
3312,-86.968623
3313,-92.141367
3314,-86.055821
3315,-83.942577
3316,-86.015866
3317,-88.422866
3318,-81.824223
3319,-93.610821
3320,-70.40347
3321,-79.892812
3322,-88.177068
3323,-88.138565
3324,-91.720376
3325,-84.516844
3326,-89.428688
3327,-75.086157
3328,-87.644922
3329,-78.989969
3330,-72.006927
3331,-94.337574
3332,-89.18591
3333,-79.803368
3334,-84.046231
3335,-69.797505
3336,-91.281903
3337,-88.594896
3338,-84.075946
3339,-83.891713
3340,-90.9472
3341,-80.855882
3342,-91.377347
3343,-86.6706
3344,-89.793817
3345,-88.105474
3346,-91.458215
3347,-93.689506
3348,-89.923125
3349,-88.66646
3350,-83.064385
3351,-75.956746
3352,-89.389282
3353,-88.345975
3354,-88.672588
3355,-75.64477
3356,-90.613654
3357,-90.673182
3358,-90.064329
3359,-90.00644
3360,-83.843111
3361,-73.052785
3362,-87.289347
3363,-84.252653
3364,-90.471251
3365,-81.821994
3366,-78.382083
3367,-75.767312
3368,-97.110409
3369,-93.909371
3370,-88.488321
3371,-95.425009
3372,-84.492818
3373,-93.791907
3374,-88.303163
3375,-84.476485
3376,-80.742728
3377,-82.22053
3378,-92.158043
3379,-72.225138
3380,-82.335062
3381,-86.394897
3382,-78.966559
3383,-83.235589
3384,-88.956956
3385,-92.015768
3386,-68.11901
3387,-95.095573
3388,-83.406011
3389,-88.159058
3390,-90.170226
3391,-93.168884
3392,-87.654078
3393,-102.956795
3394,-92.994519
3395,-95.696751
3396,-86.703193
3397,-94.188104
3398,-96.473734
3399,-84.117797
3400,-77.758133
3401,-103.495225
3402,-96.1543
3403,-91.688159
3404,-101.41003
3405,-98.769034
3406,-99.783436
3407,-93.559038
3408,-83.414154
3409,-83.005225
3410,-94.600396
3411,-102.551853
3412,-82.675615
3413,-95.800661
3414,-90.788869
3415,-85.16314
3416,-80.525267
3417,-82.281929
3418,-89.111017
3419,-79.611732
3420,-83.658625
3421,-82.115203
3422,-79.179575
3423,-82.989772
3424,-92.783659
3425,-91.224143
3426,-88.022619
3427,-77.240951
3428,-90.591716
3429,-85.362738
3430,-83.125397
3431,-78.442401
3432,-96.928034
3433,-95.272792
3434,-86.271163
3435,-92.794957
3436,-95.603768
3437,-96.052576
3438,-97.827494
3439,-94.870583
3440,-98.256449
3441,-97.890043
3442,-91.28127
3443,-92.270391
3444,-89.871884
3445,-101.941723
3446,-92.649633
3447,-100.683314
3448,-97.869622
3449,-89.509989
3450,-108.48506
3451,-93.139152
3452,-97.331401
3453,-97.637757
3454,-78.204003
3455,-92.151094
3456,-76.685605
3457,-98.516239
3458,-96.0449
3459,-92.799378
3460,-86.917218
3461,-87.572132
3462,-94.240638
3463,-90.478678
3464,-98.092941
3465,-93.579368
3466,-93.739459
3467,-95.725524
3468,-98.84583
3469,-90.005403
3470,-102.674891
3471,-95.68618
3472,-95.415121
3473,-92.363744
3474,-94.654567
3475,-87.549483
3476,-89.951959
3477,-54.035339
3478,-78.258409
3479,-84.77788
3480,-88.018619
3481,-89.74227
3482,-82.441646
3483,-94.181101
3484,-91.312335
3485,-86.028863
3486,-84.537341
3487,-94.234067
3488,-87.439938
3489,-92.554869
3490,-82.876845
3491,-78.63001
3492,-87.574498
3493,-96.627934
3494,-96.2547
3495,-97.493981
3496,-95.133293
3497,-97.118261
3498,-89.017402
3499,-96.523524
3500,-81.875317
3501,-89.586991
3502,-86.430172
3503,-104.340016
3504,-95.332876
3505,-104.150237
3506,-102.013853
3507,-94.795916
3508,-101.214023
3509,-84.929803
3510,-97.340703
3511,-95.155871
3512,-88.77472
3513,-103.907494
3514,-96.710376
3515,-89.062707
3516,-97.37069
3517,-93.271684
3518,-102.636849
3519,-88.978827
3520,-99.060789
3521,-97.584426
3522,-94.465249
3523,-82.641883
3524,-97.289837
3525,-90.877086
3526,-88.071713
3527,-95.329094
3528,-99.657682
3529,-90.095815
3530,-85.589215
3531,-99.466619
3532,-88.913071
3533,-91.596354
3534,-99.460157
3535,-91.245045
3536,-98.991393
3537,-96.336585
3538,-90.772604
3539,-103.491165
3540,-92.592347
3541,-110.581286
3542,-101.118257
3543,-98.134719
3544,-109.803851
3545,-103.930386
3546,-95.145995
3547,-101.835633
3548,-104.352033
3549,-100.129494
3550,-103.073479
3551,-99.735142
3552,-88.679508
3553,-94.15174
3554,-97.967907
3555,-95.905966
3556,-96.681271
3557,-92.772137
3558,-90.281209
3559,-99.331411
3560,-98.010709
3561,-104.991241
3562,-103.541127
3563,-87.191765
3564,-92.411333
3565,-96.435935
3566,-92.017794
3567,-94.49799
3568,-89.474824
3569,-99.895708
3570,-93.592859
3571,-95.131724
3572,-93.483028
3573,-96.837046
3574,-103.68504
3575,-95.286761
3576,-108.805308
3577,-96.412251
3578,-95.493135
3579,-101.971244
3580,-96.921107
3581,-107.256498
3582,-91.37721
3583,-100.484396
3584,-91.059327
3585,-101.824825
3586,-96.669254
3587,-96.614515
3588,-95.541679
3589,-94.682613
3590,-100.881371
3591,-88.172647
3592,-92.64574
3593,-95.325971
3594,-102.032863
3595,-94.225953
3596,-93.375337
3597,-96.928949
3598,-96.677367
3599,-89.351057
3600,-92.745178
3601,-92.892284
3602,-89.024047
3603,-86.350963
3604,-88.021004
3605,-95.08034
3606,-85.766681
3607,-98.061079
3608,-99.430496
3609,-96.644506
3610,-101.114238
3611,-105.056381
3612,-102.90662
3613,-107.86854
3614,-113.460776
3615,-92.133155
3616,-103.084469
3617,-108.214266
3618,-109.845159
3619,-101.074161
3620,-103.371756
3621,-96.350183
3622,-103.964469
3623,-102.405892
3624,-107.60985
3625,-105.187814
3626,-105.741986
3627,-99.090442
3628,-102.720132
3629,-101.332731
3630,-98.666458
3631,-99.797275
3632,-101.517362
3633,-101.20254
3634,-103.663942
3635,-101.369178
3636,-105.192092
3637,-108.056554
3638,-100.323334
3639,-100.599968
3640,-101.353595
3641,-105.674106
3642,-103.73237
3643,-96.382848
3644,-100.482052
3645,-94.313011
3646,-103.019283
3647,-94.812143
3648,-94.664375
3649,-101.457595
3650,-96.168296
3651,-108.497537
3652,-95.528805
3653,-105.515921
3654,-96.968574
3655,-109.701852
3656,-93.779933
3657,-110.182111
3658,-103.365595
3659,-100.402419
3660,-111.789871
3661,-115.613618
3662,-119.956551
3663,-109.497084
3664,-102.748265
3665,-101.67681
3666,-109.722792
3667,-110.953785
3668,-109.651921
3669,-125.731012
3670,-103.263466
3671,-112.011578
3672,-114.668925
3673,-117.347158
3674,-116.431552
3675,-114.153653
3676,-107.163636
3677,-119.14273
3678,-106.324406
3679,-123.199591
3680,-118.678746
3681,-110.153106
3682,-112.323946
3683,-132.819702
3684,-118.263351
3685,-110.447316
3686,-116.536285
3687,-112.711774
3688,-103.340535
3689,-108.640676
3690,-109.29398
3691,-112.011386
3692,-108.862952
3693,-97.027759
3694,-107.775441
3695,-105.058628
3696,-109.240097
3697,-122.659787
3698,-126.421253
3699,-117.486884
3700,-119.645968
3701,-112.12524
3702,-115.977341
3703,-103.436257
3704,-119.292092
3705,-110.52419
3706,-111.725357
3707,-126.595313
3708,-111.181249
3709,-110.842698
3710,-118.118624
3711,-113.780094
3712,-114.551233
3713,-110.165096
3714,-118.137591
3715,-100.700464
3716,-122.149838
3717,-118.207451
3718,-118.663248
3719,-122.113888
3720,-104.475248
3721,-120.227658
3722,-112.116528
3723,-109.005751
3724,-109.301176
3725,-105.825885
3726,-102.806267
3727,-108.922077
3728,-103.786734
3729,-119.541845
3730,-104.841974
3731,-116.119718
3732,-106.123051
3733,-103.210711
3734,-109.541864
3735,-101.570062
3736,-116.761366
3737,-118.549577
3738,-121.278164
3739,-134.479344
3740,-112.224653
3741,-123.548366
3742,-110.185492
3743,-111.900029
3744,-111.567399
3745,-105.331069
3746,-116.952968
3747,-114.52982
3748,-130.86981
3749,-107.266498
3750,-112.120574
3751,-104.559401
3752,-100.25748
3753,-107.259586
3754,-103.886914
3755,-95.717896
3756,-115.430393
3757,-109.482818
3758,-113.082417
3759,-118.617094
3760,-104.242696
3761,-125.750551
3762,-112.882046
3763,-106.313631
3764,-123.309325
3765,-100.314254
3766,-107.992258
3767,-121.766066
3768,-112.098372
3769,-107.699223
3770,-119.43105
3771,-117.766756
3772,-113.029017
3773,-122.016489
3774,-126.183103
3775,-128.459403
3776,-107.165717
3777,-113.837825
3778,-114.199148
3779,-125.424203
3780,-117.400564
3781,-111.608694
3782,-110.04467
3783,-122.287453
3784,-109.623799
3785,-105.833913
3786,-126.142323
3787,-108.299038
3788,-99.59003
3789,-95.09602
3790,-106.384337
3791,-104.656192
3792,-109.978384
3793,-113.839621
3794,-99.108527
3795,-96.375379
3796,-106.81821
3797,-113.405462
3798,-101.202109
3799,-117.194865
3800,-111.828257
3801,-118.096722
3802,-98.427358
3803,-102.938354
3804,-123.950526
3805,-127.710614
3806,-113.429911
3807,-137.91725
3808,-127.894681
3809,-136.910192
3810,-111.669722
3811,-147.298436
3812,-115.143025
3813,-157.731095
3814,-140.959567
3815,-142.65937
3816,-126.272531
3817,-129.663894
3818,-139.223317
3819,-150.308283
3820,-136.548261
3821,-139.23997
3822,-145.924094
3823,-139.198246
3824,-133.102605
3825,-137.63415
3826,-130.642422
3827,-136.764906
3828,-158.162543
3829,-111.425536
3830,-136.579445
3831,-121.902057
3832,-121.614124
3833,-118.293785
3834,-108.392594
3835,-107.388873
3836,-100.319673
3837,-108.524869
3838,-111.848997
3839,-109.708383
3840,-110.54394
3841,-100.819105
3842,-110.943103
3843,-101.898584
3844,-112.922849
3845,-109.349431
3846,-104.13565
3847,-115.584541
3848,-102.508721
3849,-108.724401
3850,-98.744277
3851,-110.436217
3852,-105.228224
3853,-117.185537
3854,-107.456095
3855,-116.408968
3856,-119.71145
3857,-129.504928
3858,-103.930565
3859,-114.090949
3860,-107.380196
3861,-111.870439
3862,-107.957475
3863,-125.564019
3864,-111.637007
3865,-111.16333
3866,-125.227001
3867,-110.428191
3868,-114.479548
3869,-114.349074
3870,-103.931725
3871,-112.435687
3872,-120.714201
3873,-121.055728
3874,-113.701364
3875,-120.545418
3876,-127.615706
3877,-118.291603
3878,-114.946549
3879,-119.920177
3880,-102.642986
3881,-120.730411
3882,-108.445904
3883,-106.475957
3884,-102.822496
3885,-103.148627
3886,-120.161035
3887,-112.122858
3888,-121.920815
3889,-112.991935
3890,-106.883303
3891,-110.311909
3892,-122.436002
3893,-111.343219
3894,-114.113478
3895,-114.242258
3896,-105.517989
3897,-101.738872
3898,-100.737972
3899,-105.385749
3900,-106.938199
3901,-115.841577
3902,-101.901389
3903,-100.357887
3904,-101.362639
3905,-121.246243
3906,-105.614408
3907,-95.199913
3908,-107.904638
3909,-98.354357
3910,-105.665666
3911,-108.26751
3912,-103.620581
3913,-99.455387
3914,-107.310052
3915,-107.746621
3916,-103.246997
3917,-107.574554
3918,-100.613119
3919,-107.562366
3920,-108.253543
3921,-100.255191
3922,-115.214295
3923,-104.67342
3924,-111.465667
3925,-99.95626
3926,-95.019571
3927,-101.549348
3928,-97.345749
3929,-105.267829
3930,-104.141598
3931,-98.190633
3932,-108.075101
3933,-93.759007
3934,-96.795539
3935,-93.67332
3936,-103.176863
3937,-110.746815
3938,-100.816258
3939,-101.173534
3940,-114.729304
3941,-98.683557
3942,-106.143706
3943,-109.652741
3944,-99.063931
3945,-100.982891
3946,-103.805804
3947,-103.445879
3948,-112.299848
3949,-103.498143
3950,-105.28072
3951,-98.320099
3952,-103.403245
3953,-98.015931
3954,-98.999321
3955,-100.594271
3956,-106.010862
3957,-98.833158
3958,-98.21372
3959,-103.804794
3960,-101.139575
3961,-97.171962
3962,-102.770024
3963,-111.581473
3964,-96.111708
3965,-102.69454
3966,-106.16391
3967,-104.873542
3968,-101.222116
3969,-92.805286
3970,-104.616533
3971,-101.288875
3972,-96.761115
3973,-95.504992
3974,-105.673623
3975,-103.924952
3976,-89.853252
3977,-107.134645
3978,-95.337848
3979,-106.218268
3980,-104.551965
3981,-93.914394
3982,-94.498199
3983,-106.530999
3984,-97.305509
3985,-95.225804
3986,-100.340983
3987,-109.555239
3988,-91.189549
3989,-97.588798
3990,-105.007419
3991,-105.176443
3992,-97.587445
3993,-95.133651
3994,-94.736809
3995,-90.02674
3996,-101.204361
3997,-102.258094
3998,-102.55301
3999,-94.001339
4000,-102.737824
4001,-98.132668
4002,-94.700994
4003,-106.672684
4004,-105.931754
4005,-92.499103
4006,-98.165276
4007,-106.545372
4008,-101.09372
4009,-100.767189
4010,-89.322232
4011,-98.167473
4012,-106.652072
4013,-92.217204
4014,-94.670176
4015,-93.856262
4016,-102.937401
4017,-93.351433
4018,-95.785639
4019,-101.841881
4020,-100.137549
4021,-93.476039
4022,-105.316551
4023,-93.918031
4024,-98.461308
4025,-93.456646
4026,-89.684642
4027,-95.163938
4028,-86.4639
4029,-86.869725
4030,-93.893928
4031,-76.762592
4032,-91.659367
4033,-76.120444
4034,-89.688818
4035,-87.792872
4036,-92.502065
4037,-81.837787
4038,-70.660147
4039,-70.250824
4040,-90.41201
4041,-88.34323
4042,-81.785161
4043,-79.800877
4044,-90.808904
4045,-95.004015
4046,-94.289526
4047,-108.777617
4048,-76.192856
4049,-82.875132
4050,-103.573988
4051,-96.613456
4052,-98.337494
4053,-92.685855
4054,-108.546297
4055,-110.04991
4056,-106.578925
4057,-102.647567
4058,-85.509245
4059,-110.406223
4060,-103.456368
4061,-95.749698
4062,-84.427922
4063,-102.497446
4064,-95.875444
4065,-92.399785
4066,-86.941057
4067,-96.814988
4068,-110.329226
4069,-87.876156
4070,-98.409973
4071,-90.0803
4072,-99.268816
4073,-96.890971
4074,-92.836472
4075,-76.03036
4076,-98.736807
4077,-107.279124
4078,-92.044491
4079,-101.493703
4080,-106.129063
4081,-92.839093
4082,-22.629045
4083,-108.503145
4084,-76.737912
4085,-99.520085
4086,-95.326487
4087,-93.09604
4088,-70.792663
4089,-80.324212
4090,-105.904918
4091,-71.222919
4092,-104.625972
4093,-99.018986
4094,-108.807251
4095,-107.108885
4096,-98.113137
4097,-84.605225
4098,-108.84417
4099,-109.316069
4100,-92.607788
4101,-89.990505
4102,-94.267743
4103,-105.985408
4104,-90.573118
4105,-111.758672
4106,-97.367197
4107,-89.434657
4108,-108.751421
4109,-98.965084
4110,-92.192675
4111,-115.418229
4112,-105.918011
4113,-102.591878
4114,-84.458556
4115,-119.594343
4116,-89.541781
4117,-37.739259
4118,-61.773554
4119,-97.334338
4120,-106.988345
4121,-33.728889
4122,-108.436371
4123,-92.332413
4124,-74.173192
4125,-106.862251
4126,-92.494329
4127,-97.801909
4128,-84.747585
4129,-99.149609
4130,-89.238515
4131,-90.039371
4132,-92.79533
4133,-94.041485
4134,-78.038467
4135,-88.93698
4136,-87.870423
4137,-84.752258
4138,-97.00604
4139,-97.112825
4140,-98.349246
4141,-102.702203
4142,-102.218191
4143,-97.50521
4144,-90.604416
4145,-99.429677
4146,-101.971719
4147,-97.955586
4148,-95.630948
4149,-97.570432
4150,-92.914265
4151,-103.999055
4152,-97.851861
4153,-96.364649
4154,-90.926915
4155,-87.280608
4156,-89.42444
4157,-96.463684
4158,-88.078656
4159,-85.894097
4160,-88.188422
4161,-85.558472
4162,-87.445684
4163,-85.608205
4164,-101.370178
4165,-84.291795
4166,-93.453707
4167,-100.645475
4168,-89.136082
4169,-77.696479
4170,-62.663722
4171,-88.396047
4172,-74.67624
4173,-98.376965
4174,-78.821162
4175,-94.052258
4176,-105.691785
4177,-74.897096
4178,-85.726798
4179,-93.133065
4180,-80.472312
4181,-87.226917
4182,-97.873508
4183,-85.127055
4184,-87.811953
4185,-86.335749
4186,-99.006935
4187,-91.420913
4188,-83.850126
4189,-98.475726
4190,-81.36743
4191,-93.0085
4192,-90.217725
4193,-92.784533
4194,-95.357505
4195,-97.332295
4196,-93.905523
4197,-90.769671
4198,-94.550517
4199,-87.430677
4200,-89.148544
4201,-90.351565
4202,-93.562655
4203,-92.74745
4204,-89.187787
4205,-85.427178
4206,-85.738047
4207,-75.480075
4208,-79.666709
4209,-88.247602
4210,-81.043401
4211,-81.874704
4212,-75.608008
4213,-79.877914
4214,-89.152672
4215,-87.365225
4216,-90.05445
4217,-89.066778
4218,-84.945857
4219,-97.219631
4220,-94.992015
4221,-82.441783
4222,-90.106771
4223,-95.871907
4224,-89.797088
4225,-91.575893
4226,-91.159362
4227,-92.154189
4228,-92.160956
4229,-96.538424
4230,-112.565058
4231,-97.5713
4232,-97.776524
4233,-97.572774
4234,-112.89753
4235,-94.486746
4236,-102.049784
4237,-88.089095
4238,-93.690038
4239,-92.116334
4240,-94.90309
4241,-70.814088
4242,-82.866426
4243,-91.450084
4244,-74.584668
4245,-98.636281
4246,-90.088227
4247,-98.010224
4248,-77.114976
4249,-91.579705
4250,-95.432489
4251,-90.717169
4252,-94.628261
4253,-89.730335
4254,-74.476401
4255,-78.147461
4256,-91.20465
4257,-91.820962
4258,-79.129232
4259,-97.589925
4260,-92.26036
4261,-88.321662
4262,-82.223844
4263,-79.378988
4264,-89.371085
4265,-77.412754
4266,-82.096868
4267,-78.907833
4268,-86.022204
4269,-85.202619
4270,-94.797266
4271,-91.049637
4272,-84.286521
4273,-88.703823
4274,-85.69035
4275,-92.913259
4276,-90.749777
4277,-85.596279
4278,-80.022351
4279,-92.091033
4280,-95.5201
4281,-86.473478
4282,-80.681383
4283,-88.973714
4284,-92.398676
4285,-93.401162
4286,-88.97072
4287,-84.879657
4288,-94.853929
4289,-87.876407
4290,-78.046364
4291,-85.229643
4292,-86.657962
4293,-92.377279
4294,-90.199234
4295,-89.184967
4296,-81.049295
4297,-99.166447
4298,-94.107988
4299,-78.678841
4300,-90.563831
4301,-94.256444
4302,-95.986579
4303,-101.280753
4304,-79.021294
4305,-96.471379
4306,-85.962522
4307,-92.575856
4308,-92.3904
4309,-93.331313
4310,-88.907639
4311,-92.849196
4312,-90.182313
4313,-93.945085
4314,-95.402922
4315,-87.722104
4316,-96.531708
4317,-92.734408
4318,-91.533045
4319,-92.626064
4320,-76.178429
4321,-87.392569
4322,-76.168436
4323,-95.035145
4324,-94.464973
4325,-89.502377
4326,-84.257355
4327,-89.609988
4328,-95.85316
4329,-100.076879
4330,-93.566422
4331,-83.790901
4332,-93.657088
4333,-100.933763
4334,-94.560562
4335,-103.048403
4336,-96.981475
4337,-91.078564
4338,-87.215194
4339,-94.845833
4340,-92.396056
4341,-98.484531
4342,-90.601412
4343,-97.137269
4344,-91.75241
4345,-82.957672
4346,-101.14933
4347,-96.771158
4348,-93.695812
4349,-95.101885
4350,-92.7871
4351,-78.886943
4352,-93.028674
4353,-91.256111
4354,-85.89375
4355,-96.369146
4356,-101.894849
4357,-82.734443
4358,-95.57274
4359,-96.06868
4360,-98.709883
4361,-98.188646
4362,-98.006034
4363,-96.375499
4364,-95.745113
4365,-90.571282
4366,-101.518958
4367,-92.966849
4368,-89.16886
4369,-95.62754
4370,-99.365642
4371,-101.222059
4372,-103.533369
4373,-90.346552
4374,-101.013588
4375,-92.862851
4376,-90.876841
4377,-98.707796
4378,-97.094339
4379,-99.230612
4380,-99.05769
4381,-103.809544
4382,-100.364301
4383,-102.789381
4384,-102.436716
4385,-102.468045
4386,-102.189844
4387,-98.497132
4388,-109.737436
4389,-105.397831
4390,-101.660699
4391,-107.989072
4392,-106.521595
4393,-100.791451
4394,-104.501923
4395,-103.978532
4396,-104.14802
4397,-105.721858
4398,-99.025255
4399,-107.300168
4400,-107.424083
4401,-107.446813
4402,-109.490132
4403,-105.889919
4404,-110.428364
4405,-110.782417
4406,-108.815658
4407,-109.32835
4408,-109.581021
4409,-102.140997
4410,-101.730193
4411,-96.603753
4412,-109.122965
4413,-106.686624
4414,-108.263287
4415,-99.46546
4416,-105.901297
4417,-98.991151
4418,-103.995235
4419,-99.746931
4420,-102.559191
4421,-98.813822
4422,-100.356055
4423,-98.104992
4424,-102.104011
4425,-85.682063
4426,-102.561108
4427,-102.549854
4428,-95.532209
4429,-98.008729
4430,-101.037049
4431,-102.0103
4432,-111.691364
4433,-96.298903
4434,-101.575281
4435,-102.431765
4436,-102.359479
4437,-98.119499
4438,-99.90865
4439,-107.024974
4440,-95.647152
4441,-99.443433
4442,-99.161444
4443,-107.260173
4444,-99.118635
4445,-104.784368
4446,-104.966336
4447,-114.998797
4448,-106.652454
4449,-101.871284
4450,-106.778711
4451,-97.98529
4452,-109.632047
4453,-94.841483
4454,-106.250497
4455,-102.697452
4456,-98.090535
4457,-100.006201
4458,-96.594974
4459,-107.565189
4460,-89.966323
4461,-99.325667
4462,-94.680059
4463,-92.02588
4464,-86.676033
4465,-95.658959
4466,-89.497087
4467,-94.238752
4468,-94.311794
4469,-92.486238
4470,-90.035124
4471,-89.421457
4472,-92.076402
4473,-94.617947
4474,-98.187165
4475,-100.953235
4476,-96.791443
4477,-94.42508
4478,-88.679355
4479,-97.202298
4480,-102.877823
4481,-98.693639
4482,-97.13899
4483,-99.936266
4484,-88.548845
4485,-103.626674
4486,-76.636393
4487,-95.013869
4488,-88.508676
4489,-98.006511
4490,-102.428853
4491,-98.0519
4492,-99.852593
4493,-105.313648
4494,-97.413757
4495,-104.438543
4496,-100.473697
4497,-104.584153
4498,-106.902339
4499,-102.642736
4500,-108.535391
4501,-109.119279
4502,-98.580748
4503,-102.503237
4504,-119.814499
4505,-102.298764
4506,-104.7328
4507,-102.51035
4508,-95.921095
4509,-113.313092
4510,-101.952993
4511,-104.584307
4512,-99.8215
4513,-90.36458
4514,-95.691448
4515,-100.884239
4516,-104.631036
4517,-92.212324
4518,-91.046716
4519,-82.768148
4520,-88.977045
4521,-96.585183
4522,-88.531374
4523,-92.604289
4524,-94.251799
4525,-98.002891
4526,-81.615636
4527,-88.908033
4528,-87.935077
4529,-82.854133
4530,-97.508425
4531,-79.887457
4532,-98.246452
4533,-84.617554
4534,-94.314298
4535,-98.580053
4536,-97.406888
4537,-89.612269
4538,-98.157533
4539,-88.070783
4540,-96.067746
4541,-98.391774
4542,-96.383321
4543,-90.396861
4544,-89.177486
4545,-86.596744
4546,-98.488972
4547,-96.877403
4548,-97.742447
4549,-100.034578
4550,-88.987678
4551,-94.600195
4552,-87.232894
4553,-100.383937
4554,-98.41314
4555,-98.977165
4556,-89.633046
4557,-96.834007
4558,-95.435972
4559,-91.966554
4560,-84.631034
4561,-101.348585
4562,-96.886088
4563,-89.089892
4564,-99.274166
4565,-83.200863
4566,-55.758951
4567,-96.651939
4568,-89.88384
4569,-101.962257
4570,-93.007723
4571,-98.429657
4572,-93.203148
4573,-98.232198
4574,-101.591409
4575,-100.411845
4576,-101.778288
4577,-102.807599
4578,-105.559239
4579,-102.54796
4580,-103.108689
4581,-107.586381
4582,-101.664789
4583,-104.344468
4584,-105.989347
4585,-99.256242
4586,-103.164319
4587,-99.087005
4588,-99.833892
4589,-103.687258
4590,-105.251679
4591,-105.193404
4592,-95.500919
4593,-94.81481
4594,-92.5607
4595,-103.219896
4596,-99.194099
4597,-104.395355
4598,-102.033058
4599,-105.796295
4600,-93.083041
4601,-98.738755
4602,-98.158048
4603,-97.366299
4604,-103.109205
4605,-96.692291
4606,-89.837951
4607,-101.25987
4608,-91.347394
4609,-94.134726
4610,-97.852485
4611,-102.671061
4612,-98.380151
4613,-95.964523
4614,-93.960728
4615,-89.882176
4616,-102.501035
4617,-105.25749
4618,-102.562085
4619,-101.328401
4620,-99.233731
4621,-105.553768
4622,-107.550219
4623,-103.373162
4624,-106.339488
4625,-106.4616
4626,-103.789621
4627,-104.657662
4628,-105.630633
4629,-104.609075
4630,-103.287919
4631,-104.32044
4632,-104.880619
4633,-100.262786
4634,-105.911311
4635,-92.207796
4636,-99.90446
4637,-96.810232
4638,-96.517331
4639,-103.339193
4640,-98.595124
4641,-90.703614
4642,-98.017016
4643,-89.317042
4644,-94.338185
4645,-103.004986
4646,-97.870581
4647,-99.407772
4648,-88.409369
4649,-95.096789
4650,-103.308511
4651,-99.980077
4652,-92.167371
4653,-93.886812
4654,-92.956411
4655,-71.095083
4656,-97.544046
4657,-89.34696
4658,-96.811144
4659,-88.898905
4660,-89.58872
4661,-92.858033
4662,-94.663661
4663,-88.789279
4664,-85.230861
4665,-82.621261
4666,-92.645368
4667,-90.765338
4668,-100.105619
4669,-97.837364
4670,-97.19738
4671,-101.435015
4672,-100.94272
4673,-105.273103
4674,-88.175313
4675,-100.209658
4676,-93.026447
4677,-91.533108
4678,-96.332794
4679,-90.755933
4680,-98.32229
4681,-94.508744
4682,-101.481881
4683,-104.695952
4684,-101.250021
4685,-98.34808
4686,-91.64501
4687,-90.699252
4688,-95.248004
4689,-96.166653
4690,-103.946072
4691,-100.257088
4692,-97.351708
4693,-84.200344
4694,-97.179798
4695,-106.813456
4696,-90.014709
4697,-111.367559
4698,-89.96461
4699,-99.338353
4700,-94.393839
4701,-100.735709
4702,-105.571757
4703,-107.457844
4704,-99.292329
4705,-91.279548
4706,-112.210056
4707,-106.354057
4708,-102.106103
4709,-110.625967
4710,-124.049416
4711,-124.734032
4712,-119.990632
4713,-150.724261
4714,-115.93652
4715,-169.32744
4716,-125.967655
4717,-119.798406
4718,-129.942223
4719,-120.341535
4720,-119.65251
4721,-112.775898
4722,-112.326451
4723,-147.752662
4724,-148.705057
4725,-107.304387
4726,-118.791428
4727,-108.309566
4728,-105.94718
4729,-97.877316
4730,-82.723421
4731,-96.163256
4732,-103.634332
4733,-73.235721
4734,-93.61845
4735,-100.074858
4736,-87.678873
4737,-81.060097
4738,-93.9198
4739,-74.733817
4740,-92.298393
4741,-81.915684
4742,-95.565408
4743,-84.687664
4744,-91.465372
4745,-95.185432
4746,-99.749355
4747,-91.872309
4748,-96.990789
4749,-83.877362
4750,-94.516186
4751,-96.054116
4752,-77.654203
4753,-78.980081
4754,-79.709978
4755,-92.418272
4756,-78.237528
4757,-58.642296
4758,-67.957909
4759,-69.885439
4760,-58.740552
4761,-72.844437
4762,-78.982445
4763,-53.47957
4764,-72.554015
4765,-77.063507
4766,-76.222925
4767,-85.07811
4768,-92.332909
4769,-80.118149
4770,-87.283149
4771,-85.710726
4772,-79.535847
4773,-88.830437
4774,-81.225805
4775,-73.27112
4776,-71.870262
4777,-80.510615
4778,-81.91223
4779,-84.79963
4780,-80.423014
4781,-77.237995
4782,-72.421723
4783,-76.010484
4784,-86.401627
4785,-70.251457
4786,-87.069213
4787,-83.654986
4788,-86.895406
4789,-97.351257
4790,-62.809884
4791,-79.849618
4792,-87.870376
4793,-91.66717
4794,-71.810721
4795,-82.545396
4796,-84.343204
4797,-90.105713
4798,-78.93316
4799,-75.50335
4800,-81.903064
4801,-73.4673
4802,-29.919548
4803,-72.863931
4804,-85.815407
4805,-55.658481
4806,-85.902086
4807,-59.915536
4808,-50.807465
4809,-82.779883
4810,-87.808695
4811,-82.479942
4812,-58.825349
4813,-80.910726
4814,-94.27316
4815,-91.797072
4816,-85.209673
4817,-102.213563
4818,-98.295382
4819,-83.055395
4820,-55.573863
4821,-61.798008
4822,-85.302931
4823,-97.784732
4824,-70.002811
4825,-97.537513
4826,-71.296297
4827,-80.227411
4828,-90.0425
4829,-104.421301
4830,-92.261296
4831,-89.252268
4832,-83.356272
4833,-72.250501
4834,-96.558012
4835,-103.076325
4836,-122.822403
4837,-63.499453
4838,-86.680042
4839,-89.902788
4840,-76.075526
4841,-87.309177
4842,-84.767207
4843,-106.416856
4844,-59.070206
4845,-63.1329
4846,-85.476264
4847,-66.335795
4848,-81.798505
4849,-85.859706
4850,-83.822042
4851,-83.449901
4852,-83.473777
4853,-81.444127
4854,-61.230572
4855,-54.403452
4856,-76.353127
4857,-89.538771
4858,-49.693628
4859,-83.788795
4860,-75.349403
4861,-69.352878
4862,-59.570972
4863,-77.412538
4864,-82.035299
4865,-61.926432
4866,-76.29368
4867,-77.295624
4868,-95.140906
4869,-97.923946
4870,-87.375928
4871,-97.062654
4872,-88.800823
4873,-96.881545
4874,-98.992788
4875,-84.27506
4876,-101.821851
4877,-88.53685
4878,-88.301352
4879,-90.097597
4880,-100.315314
4881,-86.276511
4882,-99.241173
4883,-98.900745
4884,-106.28934
4885,-89.628116
4886,-103.515685
4887,-97.99517
4888,-113.430632
4889,-131.798777
4890,-104.999116
4891,-101.340218
4892,-168.231145
4893,-152.068342
4894,-199.519897
4895,-192.526975
4896,-184.219179
4897,-193.580711
4898,-171.525345
4899,-185.099068
4900,-175.159705
4901,-210.767014
4902,-177.342577
4903,-203.58098
4904,-196.174826
4905,-177.542098
4906,-179.057364
4907,-190.625583
4908,-183.373885
4909,-176.78258
4910,-177.750946
4911,-198.498894
4912,-207.550921
4913,-170.053735
4914,-202.556584
4915,-176.891193
4916,-178.213811
4917,-177.699488
4918,-188.074956
4919,-180.553863
4920,-184.81547
4921,-188.096751
4922,-179.933916
4923,-172.144306
4924,-203.623487
4925,-189.332141
4926,-163.842382
4927,-198.883308
4928,-194.77885
4929,-178.252097
4930,-207.093829
4931,-188.792332
4932,-197.743696
4933,-206.39144
4934,-206.566474
4935,-211.646258
4936,-188.677652
4937,-203.229721
4938,-210.449061
4939,-210.269697
4940,-176.573776
4941,-197.353748
4942,-176.010271
4943,-178.700337
4944,-200.552648
4945,-188.535386
4946,-187.680697
4947,-192.886952
4948,-175.250653
4949,-192.071165
4950,-206.933691
4951,-203.355217
4952,-200.103392
4953,-183.330843
4954,-186.077562
4955,-182.063306
4956,-181.846337
4957,-177.565084
4958,-172.264365
4959,-203.949139
4960,-205.447706
4961,-191.15933
4962,-186.113707
4963,-192.909518
4964,-202.806393
4965,-179.48685
4966,-208.176225
4967,-187.096179
4968,-198.946475
4969,-187.172734
4970,-201.832728
4971,-172.682873
4972,-188.686849
4973,-195.665643
4974,-181.937272
4975,-204.934513
4976,-187.432026
4977,-182.835838
4978,-189.624675
4979,-202.577553
4980,-197.636267
4981,-204.500453
4982,-189.438442
4983,-192.224661
4984,-184.854583
4985,-172.890076
4986,-179.637928
4987,-188.476542
4988,-201.683521
4989,-192.672483
4990,-190.462877
4991,-167.617054
4992,-191.642354
4993,-179.549462
4994,-175.782845
4995,-168.133424
4996,-163.289681
4997,-184.472727
4998,-181.681585
4999,-175.021224
5000,-156.888216
